episode,turn_number,tm_category,baseline_is_combat,expanded_is_combat,nearest_ec_distance
C1E001,23,travel_duration,False,False,
C1E001,51,TM_UNKNOWN,False,False,
C1E001,205,TM_UNKNOWN,False,False,
C1E001,226,TM_UNKNOWN,False,False,
C1E001,267,TM_UNKNOWN,False,False,
C1E001,280,cumulative_anchor,False,False,
C1E001,356,TM_UNKNOWN,False,False,
C1E001,450,TM_UNKNOWN,False,False,
C1E001,458,TM_UNKNOWN,False,False,
C1E001,485,TM_UNKNOWN,False,False,
C1E001,527,scene_transition,False,False,
C1E001,549,scene_transition,False,False,
C1E001,587,cumulative_anchor,False,False,
C1E001,730,TM_UNKNOWN,False,False,
C1E001,854,TM_UNKNOWN,False,False,
C1E001,998,TM_UNKNOWN,False,False,
C1E001,1002,in_scene_compression,False,False,
C1E001,1065,scene_transition,False,False,
C1E001,1168,TM_UNKNOWN,False,False,
C1E001,1381,TM_UNKNOWN,False,False,
C1E001,1715,TM_UNKNOWN,False,False,
C1E001,1730,TM_UNKNOWN,False,False,
C1E001,1833,TM_UNKNOWN,False,False,
C1E001,1903,TM_UNKNOWN,False,False,
C1E002,174,scene_transition,False,False,
C1E002,178,scene_transition,False,False,
C1E002,210,TM_UNKNOWN,False,False,
C1E002,302,TM_UNKNOWN,False,False,
C1E002,386,TM_UNKNOWN,False,False,
C1E002,597,TM_UNKNOWN,False,False,
C1E002,656,TM_UNKNOWN,False,False,
C1E002,663,TM_UNKNOWN,False,False,
C1E002,772,TM_UNKNOWN,False,False,
C1E002,1025,scene_transition,False,False,
C1E002,1050,TM_UNKNOWN,False,False,
C1E002,1196,scene_transition,False,False,
C1E002,1254,TM_UNKNOWN,False,False,
C1E002,1258,TM_UNKNOWN,False,False,
C1E002,1277,TM_UNKNOWN,False,False,
C1E002,1279,travel_duration,False,False,
C1E002,1294,travel_duration,False,False,
C1E002,1311,TM_UNKNOWN,False,False,
C1E002,2045,TM_UNKNOWN,False,False,
C1E002,2282,TM_UNKNOWN,False,False,
C1E002,2316,TM_UNKNOWN,False,False,
C1E002,2750,TM_UNKNOWN,False,False,
C1E004,34,TM_UNKNOWN,False,False,
C1E004,140,TM_UNKNOWN,False,False,
C1E004,160,TM_UNKNOWN,False,False,
C1E004,160,TM_UNKNOWN,False,False,
C1E004,620,scene_transition,False,False,
C1E004,628,scene_transition,False,False,
C1E004,682,in_scene_compression,False,False,
C1E004,1283,TM_UNKNOWN,False,False,
C1E004,1323,in_scene_compression,False,False,
C1E004,1814,TM_UNKNOWN,False,False,
C1E004,1985,cumulative_anchor,False,False,
C1E004,2062,TM_UNKNOWN,False,False,
C1E004,2171,scene_transition,False,False,
C1E004,2185,TM_UNKNOWN,False,False,
C1E004,2399,in_scene_compression,False,False,
C1E004,2465,cumulative_anchor,False,False,
C1E004,2504,TM_UNKNOWN,False,False,
C1E004,2651,TM_UNKNOWN,False,False,
C1E004,2716,TM_UNKNOWN,False,False,
C1E004,2876,scene_transition,False,False,
C1E004,3007,TM_UNKNOWN,False,False,
C1E004,3117,TM_UNKNOWN,False,False,
C1E004,3143,TM_UNKNOWN,False,False,
C1E004,3181,scene_transition,False,False,
C1E004,3181,TM_UNKNOWN,False,False,
C1E004,3202,TM_UNKNOWN,False,False,
C1E004,3270,TM_UNKNOWN,False,False,
C1E004,3292,in_scene_compression,False,False,
C1E005,29,TM_UNKNOWN,False,False,
C1E005,403,in_scene_compression,False,False,
C1E005,542,scene_transition,False,False,
C1E005,1065,TM_UNKNOWN,False,False,
C1E005,1095,TM_UNKNOWN,False,False,
C1E005,1097,TM_UNKNOWN,False,False,
C1E005,1519,scene_transition,False,False,
C1E005,1524,scene_transition,False,False,
C1E005,1585,travel_duration,False,False,
C1E005,1616,TM_UNKNOWN,False,False,
C1E005,1674,travel_duration,False,False,
C1E005,2090,TM_UNKNOWN,False,False,
C1E005,2739,TM_UNKNOWN,False,False,
C1E005,3244,scene_transition,False,False,
C1E005,3429,TM_UNKNOWN,False,False,
C1E005,3524,TM_UNKNOWN,False,False,
C1E006,31,cumulative_anchor,False,False,
C1E006,60,cumulative_anchor,False,False,
C1E006,62,scene_transition,False,False,
C1E006,66,scene_transition,False,False,
C1E006,91,TM_UNKNOWN,False,False,
C1E006,144,TM_UNKNOWN,False,False,
C1E006,194,TM_UNKNOWN,False,False,
C1E006,202,TM_UNKNOWN,False,False,
C1E006,226,travel_duration,False,False,
C1E006,496,travel_duration,False,False,
C1E006,592,in_scene_compression,False,False,
C1E006,622,cumulative_anchor,False,False,
C1E006,647,TM_UNKNOWN,False,False,
C1E006,1406,TM_UNKNOWN,False,False,
C1E006,1465,TM_UNKNOWN,False,False,
C1E006,1521,TM_UNKNOWN,False,False,
C1E006,1934,scene_transition,False,False,
C1E006,2215,cumulative_anchor,False,False,
C1E006,2215,TM_UNKNOWN,False,False,
C1E006,2595,travel_duration,False,False,
C1E007,47,in_scene_compression,False,False,
C1E007,120,scene_transition,False,False,
C1E007,868,scene_transition,False,False,
C1E007,1076,in_scene_compression,False,False,
C1E007,1135,scene_transition,False,False,
C1E007,1156,scene_transition,False,False,
C1E007,1780,TM_UNKNOWN,False,False,
C1E007,1966,TM_UNKNOWN,False,False,
C1E007,2152,TM_UNKNOWN,False,False,
C1E007,2228,TM_UNKNOWN,False,False,
C1E007,2307,TM_UNKNOWN,False,False,
C1E008,116,TM_UNKNOWN,False,False,
C1E008,139,TM_UNKNOWN,False,False,
C1E008,262,scene_transition,False,False,
C1E008,315,cumulative_anchor,False,False,
C1E008,382,TM_UNKNOWN,False,False,
C1E008,433,TM_UNKNOWN,False,False,
C1E008,437,TM_UNKNOWN,False,False,
C1E008,465,TM_UNKNOWN,False,False,
C1E008,574,in_scene_compression,False,False,
C1E008,636,travel_duration,False,False,
C1E008,890,TM_UNKNOWN,False,False,
C1E008,1325,TM_UNKNOWN,False,False,
C1E008,1792,TM_UNKNOWN,False,False,
C1E009,21,travel_duration,False,False,
C1E009,77,TM_UNKNOWN,False,False,
C1E009,77,TM_UNKNOWN,False,False,
C1E009,288,TM_UNKNOWN,True,True,5
C1E009,324,TM_UNKNOWN,False,False,
C1E009,409,scene_transition,False,False,
C1E009,469,TM_UNKNOWN,False,False,
C1E009,590,TM_UNKNOWN,False,False,
C1E009,696,TM_UNKNOWN,False,False,
C1E009,851,scene_transition,False,False,
C1E009,989,travel_duration,False,False,
C1E009,991,scene_transition,False,False,
C1E009,1165,TM_UNKNOWN,False,False,
C1E009,1188,TM_UNKNOWN,False,False,
C1E009,1253,cumulative_anchor,False,False,
C1E009,1286,scene_transition,False,False,
C1E009,1386,TM_UNKNOWN,False,False,
C1E009,1404,scene_transition,False,False,
C1E009,1432,scene_transition,False,False,
C1E009,1588,scene_transition,False,False,
C1E009,1780,TM_UNKNOWN,False,False,
C1E009,1780,TM_UNKNOWN,False,False,
C1E010,90,TM_UNKNOWN,False,False,
C1E010,201,cumulative_anchor,False,False,
C1E010,279,TM_UNKNOWN,False,False,
C1E010,314,TM_UNKNOWN,False,False,
C1E010,625,TM_UNKNOWN,False,False,
C1E010,685,TM_UNKNOWN,False,False,
C1E010,866,scene_transition,False,False,
C1E010,1479,TM_UNKNOWN,False,False,
C1E010,1567,in_scene_compression,False,False,
C1E010,1569,TM_UNKNOWN,False,False,
C1E010,1569,TM_UNKNOWN,False,False,
C1E010,1599,TM_UNKNOWN,False,False,
C1E010,1693,TM_UNKNOWN,False,False,
C1E010,2042,TM_UNKNOWN,False,False,
C1E010,2083,TM_UNKNOWN,False,False,
C1E010,2087,TM_UNKNOWN,False,False,
C1E010,2144,TM_UNKNOWN,False,False,
C1E010,2328,TM_UNKNOWN,False,False,
C1E010,2328,TM_UNKNOWN,False,False,
C1E010,2334,TM_UNKNOWN,False,False,
C1E010,2568,scene_transition,False,False,
C1E010,2617,scene_transition,False,False,
C1E010,2687,TM_UNKNOWN,False,False,
C1E010,3048,cumulative_anchor,False,False,
C1E010,3051,TM_UNKNOWN,False,False,
C1E010,3235,TM_UNKNOWN,False,False,
C1E010,3325,in_scene_compression,False,False,
C1E010,3390,TM_UNKNOWN,False,False,
C1E010,3405,TM_UNKNOWN,False,False,
C1E011,283,TM_UNKNOWN,False,False,
C1E011,308,TM_UNKNOWN,False,False,
C1E011,327,TM_UNKNOWN,False,False,
C1E011,408,TM_UNKNOWN,False,False,
C1E011,903,TM_UNKNOWN,False,False,
C1E011,982,TM_UNKNOWN,False,False,
C1E011,1559,TM_UNKNOWN,False,False,
C1E011,1812,cumulative_anchor,False,False,
C1E011,2310,TM_UNKNOWN,False,False,
C1E011,2694,in_scene_compression,False,False,
C1E011,2930,TM_UNKNOWN,False,False,
C1E011,3268,cumulative_anchor,False,False,
C1E011,3745,TM_UNKNOWN,False,False,
C1E011,3778,TM_UNKNOWN,False,False,
C1E011,4183,TM_UNKNOWN,False,False,
C1E011,4236,TM_UNKNOWN,False,False,
C1E011,4243,TM_UNKNOWN,False,False,
C1E011,4255,TM_UNKNOWN,False,False,
C1E011,4259,TM_UNKNOWN,False,False,
C1E013,279,TM_UNKNOWN,False,False,
C1E013,281,TM_UNKNOWN,False,False,
C1E013,289,TM_UNKNOWN,False,False,
C1E013,379,TM_UNKNOWN,False,False,
C1E013,1289,TM_UNKNOWN,False,False,
C1E013,1628,scene_transition,False,False,
C1E013,1644,TM_UNKNOWN,False,False,
C1E013,1739,TM_UNKNOWN,False,False,
C1E013,1743,TM_UNKNOWN,False,False,
C1E013,1770,TM_UNKNOWN,False,False,
C1E013,1865,TM_UNKNOWN,False,False,
C1E013,1882,TM_UNKNOWN,False,False,
C1E013,1887,TM_UNKNOWN,False,False,
C1E013,1895,TM_UNKNOWN,False,False,
C1E013,1916,TM_UNKNOWN,False,False,
C1E013,1922,TM_UNKNOWN,False,False,
C1E013,2001,TM_UNKNOWN,False,False,
C1E013,2054,cumulative_anchor,False,False,
C1E013,2398,TM_UNKNOWN,False,False,
C1E013,2496,TM_UNKNOWN,False,False,
C1E016,12,scene_transition,False,False,
C1E016,36,cumulative_anchor,False,False,
C1E016,144,travel_duration,False,False,
C1E016,167,scene_transition,False,False,
C1E016,238,scene_transition,False,False,
C1E016,274,TM_UNKNOWN,False,False,
C1E016,473,TM_UNKNOWN,False,False,
C1E016,477,TM_UNKNOWN,False,False,
C1E016,568,TM_UNKNOWN,False,False,
C1E016,570,TM_UNKNOWN,False,False,
C1E016,717,TM_UNKNOWN,False,False,
C1E016,745,TM_UNKNOWN,False,False,
C1E016,758,scene_transition,False,False,
C1E016,979,TM_UNKNOWN,False,False,
C1E016,979,TM_UNKNOWN,False,False,
C1E016,996,TM_UNKNOWN,False,False,
C1E016,1008,TM_UNKNOWN,False,False,
C1E016,1511,scene_transition,False,False,
C1E016,1519,scene_transition,False,False,
C1E016,1634,scene_transition,False,False,
C1E016,2140,scene_transition,False,False,
C1E016,2522,TM_UNKNOWN,False,False,
C1E016,2630,TM_UNKNOWN,False,False,
C1E016,2632,TM_UNKNOWN,False,False,
C1E016,2642,TM_UNKNOWN,False,False,
C1E016,2680,TM_UNKNOWN,False,False,
C1E017,102,cumulative_anchor,False,False,
C1E017,107,TM_UNKNOWN,False,False,
C1E017,301,TM_UNKNOWN,False,False,
C1E017,470,TM_UNKNOWN,False,False,
C1E017,688,cumulative_anchor,False,False,
C1E017,710,TM_UNKNOWN,False,False,
C1E017,791,scene_transition,False,False,
C1E017,836,TM_UNKNOWN,False,False,
C1E017,936,travel_duration,False,False,
C1E017,967,TM_UNKNOWN,False,False,
C1E017,1069,TM_UNKNOWN,False,False,
C1E017,1080,TM_UNKNOWN,False,False,
C1E017,1117,TM_UNKNOWN,False,False,
C1E017,1336,TM_UNKNOWN,False,True,22
C1E017,1393,TM_UNKNOWN,False,False,
C1E017,1629,scene_transition,False,False,
C1E017,1698,TM_UNKNOWN,False,False,
C1E017,1730,scene_transition,False,False,
C1E017,1757,TM_UNKNOWN,False,False,
C1E017,1763,TM_UNKNOWN,False,False,
C1E017,1767,TM_UNKNOWN,False,False,
C1E017,1771,TM_UNKNOWN,False,False,
C1E017,1781,TM_UNKNOWN,False,False,
C1E017,1793,TM_UNKNOWN,False,False,
C1E017,1795,TM_UNKNOWN,False,False,
C1E017,1808,TM_UNKNOWN,False,False,
C1E019,203,TM_UNKNOWN,False,False,
C1E019,282,cumulative_anchor,False,False,
C1E019,312,scene_transition,False,False,
C1E019,322,scene_transition,False,False,
C1E019,335,TM_UNKNOWN,False,False,
C1E019,337,scene_transition,False,False,
C1E019,436,travel_duration,False,False,
C1E019,522,scene_transition,False,False,
C1E019,539,scene_transition,False,False,
C1E019,539,in_scene_compression,False,False,
C1E019,838,TM_UNKNOWN,False,True,13
C1E019,850,TM_UNKNOWN,False,True,1
C1E019,883,TM_UNKNOWN,False,False,
C1E019,975,travel_duration,False,False,
C1E019,1004,TM_UNKNOWN,False,False,
C1E019,1431,TM_UNKNOWN,False,False,
C1E019,1446,TM_UNKNOWN,False,False,
C1E019,1658,TM_UNKNOWN,False,False,
C1E019,1799,TM_UNKNOWN,False,False,
C1E019,1963,TM_UNKNOWN,False,False,
C1E019,1976,in_scene_compression,False,False,
C1E019,2004,travel_duration,False,False,
C1E019,2033,travel_duration,False,False,
C1E019,2039,scene_transition,False,False,
C1E019,2090,TM_UNKNOWN,False,False,
C1E020,54,TM_UNKNOWN,False,False,
C1E020,57,cumulative_anchor,False,False,
C1E020,70,TM_UNKNOWN,False,False,
C1E020,75,TM_UNKNOWN,False,False,
C1E020,114,in_scene_compression,False,False,
C1E020,114,TM_UNKNOWN,False,False,
C1E020,129,TM_UNKNOWN,False,False,
C1E020,142,TM_UNKNOWN,False,False,
C1E020,146,TM_UNKNOWN,False,False,
C1E020,190,TM_UNKNOWN,False,False,
C1E020,425,TM_UNKNOWN,False,False,
C1E020,446,scene_transition,False,False,
C1E020,521,TM_UNKNOWN,False,False,
C1E020,521,TM_UNKNOWN,False,False,
C1E020,527,TM_UNKNOWN,False,False,
C1E020,620,TM_UNKNOWN,False,False,
C1E020,656,TM_UNKNOWN,False,False,
C1E020,717,TM_UNKNOWN,False,False,
C1E020,785,scene_transition,False,False,
C1E020,835,TM_UNKNOWN,False,False,
C1E020,1153,TM_UNKNOWN,False,False,
C1E020,1214,TM_UNKNOWN,False,False,
C1E020,1267,TM_UNKNOWN,False,False,
C1E020,1369,TM_UNKNOWN,False,False,
C1E021,40,cumulative_anchor,False,False,
C1E021,134,TM_UNKNOWN,False,False,
C1E021,174,TM_UNKNOWN,False,False,
C1E021,265,TM_UNKNOWN,False,False,
C1E021,284,TM_UNKNOWN,False,False,
C1E021,350,TM_UNKNOWN,False,False,
C1E021,521,cumulative_anchor,False,False,
C1E021,537,TM_UNKNOWN,False,False,
C1E021,537,TM_UNKNOWN,False,False,
C1E021,580,TM_UNKNOWN,False,False,
C1E021,853,TM_UNKNOWN,False,False,
C1E021,994,scene_transition,False,False,
C1E021,1027,scene_transition,False,False,
C1E021,1098,TM_UNKNOWN,False,False,
C1E021,1418,TM_UNKNOWN,False,False,
C1E021,1740,TM_UNKNOWN,False,False,
C1E021,1900,TM_UNKNOWN,False,False,
C1E022,4,TM_UNKNOWN,False,False,
C1E022,143,cumulative_anchor,False,False,
C1E022,172,TM_UNKNOWN,False,False,
C1E022,172,cumulative_anchor,False,False,
C1E022,179,TM_UNKNOWN,False,False,
C1E022,210,TM_UNKNOWN,False,False,
C1E022,370,TM_UNKNOWN,False,False,
C1E022,370,scene_transition,False,False,
C1E022,406,TM_UNKNOWN,False,False,
C1E022,411,TM_UNKNOWN,False,False,
C1E022,502,cumulative_anchor,False,False,
C1E022,506,travel_duration,False,False,
C1E022,537,TM_UNKNOWN,False,False,
C1E022,729,scene_transition,False,False,
C1E022,753,TM_UNKNOWN,False,False,
C1E022,821,TM_UNKNOWN,False,False,
C1E022,857,scene_transition,False,False,
C1E022,865,cumulative_anchor,False,False,
C1E022,964,TM_UNKNOWN,False,False,
C1E022,999,TM_UNKNOWN,False,False,
C1E022,1048,TM_UNKNOWN,False,False,
C1E022,1081,TM_UNKNOWN,False,False,
C1E022,1111,TM_UNKNOWN,False,False,
C1E022,1123,scene_transition,False,False,
C1E022,1125,TM_UNKNOWN,False,False,
C1E022,1185,in_scene_compression,False,False,
C1E022,1188,cumulative_anchor,False,False,
C1E022,1213,TM_UNKNOWN,False,False,
C1E022,1213,travel_duration,False,False,
C1E022,1303,TM_UNKNOWN,False,False,
C1E022,1320,TM_UNKNOWN,False,False,
C1E022,1331,TM_UNKNOWN,False,False,
C1E022,1426,TM_UNKNOWN,False,False,
C1E022,1537,scene_transition,False,False,
C1E022,1557,scene_transition,False,False,
C1E022,1573,travel_duration,False,False,
C1E022,1586,TM_UNKNOWN,False,False,
C1E022,1618,scene_transition,False,False,
C1E022,1657,TM_UNKNOWN,False,False,
C1E022,1692,scene_transition,False,True,17
C1E022,1692,TM_UNKNOWN,False,True,17
C1E022,1702,TM_UNKNOWN,False,True,7
C1E022,1984,TM_UNKNOWN,False,False,
C1E022,2004,TM_UNKNOWN,False,False,
C1E022,2220,travel_duration,False,False,
C1E022,2274,scene_transition,False,False,
C1E022,2339,travel_duration,False,False,
C1E023,2,travel_duration,False,False,
C1E023,28,TM_UNKNOWN,False,False,
C1E023,67,cumulative_anchor,False,False,
C1E023,89,TM_UNKNOWN,False,False,
C1E023,92,scene_transition,False,False,
C1E023,109,travel_duration,False,False,
C1E023,315,cumulative_anchor,False,False,
C1E023,340,scene_transition,False,False,
C1E023,448,in_scene_compression,False,False,
C1E023,482,TM_UNKNOWN,False,False,
C1E023,534,TM_UNKNOWN,False,False,
C1E023,681,in_scene_compression,False,False,
C1E023,891,scene_transition,False,False,
C1E023,932,in_scene_compression,False,False,
C1E023,1066,TM_UNKNOWN,False,False,
C1E023,1126,travel_duration,False,False,
C1E023,1130,TM_UNKNOWN,False,False,
C1E023,1224,TM_UNKNOWN,False,False,
C1E023,1329,scene_transition,False,False,
C1E023,1368,TM_UNKNOWN,False,False,
C1E023,1417,TM_UNKNOWN,False,False,
C1E023,1458,travel_duration,False,False,
C1E023,1506,scene_transition,False,False,
C1E023,1527,TM_UNKNOWN,False,False,
C1E023,1531,TM_UNKNOWN,False,False,
C1E023,1611,TM_UNKNOWN,False,False,
C1E023,1677,TM_UNKNOWN,False,False,
C1E023,1720,scene_transition,False,False,
C1E023,1760,TM_UNKNOWN,False,False,
C1E023,1764,TM_UNKNOWN,False,False,
C1E023,1768,TM_UNKNOWN,False,False,
C1E023,1776,TM_UNKNOWN,False,False,
C1E025,58,scene_transition,False,False,
C1E025,61,TM_UNKNOWN,False,False,
C1E025,583,scene_transition,False,False,
C1E025,729,TM_UNKNOWN,False,False,
C1E025,1142,TM_UNKNOWN,False,False,
C1E025,1171,cumulative_anchor,False,False,
C1E025,1171,cumulative_anchor,False,False,
C1E025,1195,TM_UNKNOWN,False,False,
C1E025,1244,TM_UNKNOWN,False,False,
C1E025,1375,TM_UNKNOWN,False,True,8
C1E025,1471,TM_UNKNOWN,False,False,
C1E025,1668,TM_UNKNOWN,False,False,
C1E025,1884,TM_UNKNOWN,False,False,
C1E027,2,cumulative_anchor,False,False,
C1E027,11,TM_UNKNOWN,False,False,
C1E027,70,TM_UNKNOWN,False,True,13
C1E027,241,in_scene_compression,False,False,
C1E027,436,TM_UNKNOWN,False,False,
C1E027,485,TM_UNKNOWN,False,False,
C1E027,551,TM_UNKNOWN,False,False,
C1E027,592,TM_UNKNOWN,False,False,
C1E027,594,TM_UNKNOWN,False,False,
C1E027,596,cumulative_anchor,False,False,
C1E027,598,TM_UNKNOWN,False,False,
C1E027,626,cumulative_anchor,False,False,
C1E027,629,cumulative_anchor,False,False,
C1E027,660,TM_UNKNOWN,False,False,
C1E027,667,TM_UNKNOWN,False,False,
C1E027,714,TM_UNKNOWN,False,False,
C1E027,714,TM_UNKNOWN,False,False,
C1E027,801,TM_UNKNOWN,False,False,
C1E027,822,TM_UNKNOWN,False,False,
C1E027,866,TM_UNKNOWN,False,False,
C1E027,881,TM_UNKNOWN,False,False,
C1E027,893,TM_UNKNOWN,False,False,
C1E027,902,cumulative_anchor,False,False,
C1E027,918,TM_UNKNOWN,False,False,
C1E027,924,TM_UNKNOWN,False,False,
C1E027,1029,in_scene_compression,False,False,
C1E027,1050,TM_UNKNOWN,False,False,
C1E027,1087,TM_UNKNOWN,False,False,
C1E027,1139,travel_duration,False,False,
C1E027,1149,TM_UNKNOWN,False,False,
C1E027,1155,TM_UNKNOWN,False,False,
C1E027,1162,TM_UNKNOWN,False,False,
C1E027,1181,in_scene_compression,False,False,
C1E027,1248,TM_UNKNOWN,False,False,
C1E027,1250,TM_UNKNOWN,False,False,
C1E027,1258,scene_transition,False,False,
C1E027,1268,TM_UNKNOWN,False,False,
C1E027,1282,TM_UNKNOWN,False,False,
C1E027,1290,TM_UNKNOWN,False,False,
C1E027,1348,scene_transition,False,False,
C1E027,1442,travel_duration,False,False,
C1E027,1498,TM_UNKNOWN,False,False,
C1E027,1597,TM_UNKNOWN,False,False,
C1E027,1597,cumulative_anchor,False,False,
C1E027,1632,travel_duration,False,False,
C1E027,1666,in_scene_compression,False,False,
C1E027,1675,scene_transition,False,False,
C1E027,1680,in_scene_compression,False,False,
C1E027,1686,TM_UNKNOWN,False,False,
C1E027,1756,scene_transition,False,False,
C1E027,1761,travel_duration,False,False,
C1E027,1794,travel_duration,False,False,
C1E027,1834,TM_UNKNOWN,False,False,
C1E028,12,TM_UNKNOWN,False,False,
C1E028,180,TM_UNKNOWN,False,False,
C1E028,184,TM_UNKNOWN,False,False,
C1E028,184,TM_UNKNOWN,False,False,
C1E028,968,in_scene_compression,False,False,
C1E028,1160,scene_transition,False,False,
C1E028,1171,scene_transition,False,False,
C1E028,1204,TM_UNKNOWN,False,False,
C1E028,1250,scene_transition,False,False,
C1E028,1274,scene_transition,False,False,
C1E028,1276,TM_UNKNOWN,False,False,
C1E028,1282,TM_UNKNOWN,False,False,
C1E028,1415,scene_transition,False,False,
C1E028,1549,TM_UNKNOWN,False,False,
C1E028,1693,cumulative_anchor,False,False,
C1E028,1743,TM_UNKNOWN,False,False,
C1E028,1792,TM_UNKNOWN,False,False,
C1E028,1866,TM_UNKNOWN,False,False,
C1E028,1942,cumulative_anchor,False,False,
C1E028,1960,cumulative_anchor,False,False,
C1E028,2003,TM_UNKNOWN,False,False,
C1E028,2003,travel_duration,False,False,
C1E028,2014,cumulative_anchor,False,False,
C1E028,2052,travel_duration,False,False,
C1E028,2055,TM_UNKNOWN,False,False,
C1E028,2101,scene_transition,False,False,
C1E028,2112,scene_transition,False,False,
C1E028,2127,TM_UNKNOWN,False,False,
C1E028,2168,TM_UNKNOWN,False,False,
C1E028,2194,in_scene_compression,False,False,
C1E028,2214,in_scene_compression,False,False,
C1E028,2259,in_scene_compression,False,False,
C1E028,2263,TM_UNKNOWN,False,False,
C1E028,2276,in_scene_compression,False,False,
C1E028,2407,TM_UNKNOWN,False,False,
C1E028,2490,cumulative_anchor,False,False,
C1E028,2492,cumulative_anchor,False,False,
C1E028,2500,TM_UNKNOWN,False,False,
C1E028,2603,TM_UNKNOWN,False,False,
C1E028,2885,TM_UNKNOWN,False,False,
C1E028,2903,TM_UNKNOWN,False,False,
C1E028,2994,travel_duration,False,False,
C1E028,3132,TM_UNKNOWN,False,False,
C1E029,23,TM_UNKNOWN,False,False,
C1E029,86,TM_UNKNOWN,False,False,
C1E029,86,TM_UNKNOWN,False,False,
C1E029,86,TM_UNKNOWN,False,False,
C1E029,117,scene_transition,False,False,
C1E029,124,in_scene_compression,False,False,
C1E029,139,TM_UNKNOWN,False,False,
C1E029,266,in_scene_compression,False,False,
C1E029,543,TM_UNKNOWN,False,False,
C1E029,608,TM_UNKNOWN,False,False,
C1E029,675,scene_transition,False,False,
C1E029,699,TM_UNKNOWN,False,False,
C1E029,702,cumulative_anchor,False,False,
C1E029,723,TM_UNKNOWN,False,False,
C1E029,737,TM_UNKNOWN,False,False,
C1E029,891,scene_transition,False,False,
C1E029,897,scene_transition,False,False,
C1E029,994,TM_UNKNOWN,False,False,
C1E029,1121,TM_UNKNOWN,False,False,
C1E029,1243,cumulative_anchor,False,False,
C1E029,1278,TM_UNKNOWN,False,False,
C1E029,1625,scene_transition,False,False,
C1E029,1692,TM_UNKNOWN,False,False,
C1E029,1775,TM_UNKNOWN,False,False,
C1E029,1911,TM_UNKNOWN,False,False,
C1E029,1924,TM_UNKNOWN,False,False,
C1E029,1968,TM_UNKNOWN,False,False,
C1E029,2110,TM_UNKNOWN,False,False,
C1E029,2461,TM_UNKNOWN,False,False,
C1E029,2599,travel_duration,False,False,
C1E030,75,TM_UNKNOWN,False,False,
C1E030,100,TM_UNKNOWN,False,False,
C1E030,302,cumulative_anchor,False,False,
C1E030,521,TM_UNKNOWN,True,True,4
C1E030,955,TM_UNKNOWN,False,False,
C1E030,970,scene_transition,False,False,
C1E030,1018,TM_UNKNOWN,False,False,
C1E030,1179,TM_UNKNOWN,False,False,
C1E030,1181,TM_UNKNOWN,False,False,
C1E030,1225,TM_UNKNOWN,False,False,
C1E030,1269,TM_UNKNOWN,False,False,
C1E030,1293,travel_duration,False,False,
C1E030,1317,TM_UNKNOWN,False,False,
C1E030,1344,TM_UNKNOWN,False,False,
C1E030,1394,TM_UNKNOWN,False,False,
C1E030,1402,TM_UNKNOWN,False,False,
C1E030,1478,TM_UNKNOWN,False,False,
C1E030,1482,TM_UNKNOWN,False,False,
C1E030,1486,TM_UNKNOWN,False,False,
C1E030,1570,cumulative_anchor,False,False,
C1E031,23,cumulative_anchor,False,False,
C1E031,88,scene_transition,False,False,
C1E031,103,TM_UNKNOWN,False,False,
C1E031,199,TM_UNKNOWN,False,False,
C1E031,367,TM_UNKNOWN,False,False,
C1E031,381,TM_UNKNOWN,False,False,
C1E031,493,in_scene_compression,False,False,
C1E031,599,scene_transition,False,False,
C1E031,889,TM_UNKNOWN,False,False,
C1E031,1080,TM_UNKNOWN,False,False,
C1E031,1140,TM_UNKNOWN,False,False,
C1E031,1361,TM_UNKNOWN,False,False,
C1E031,1559,TM_UNKNOWN,False,False,
C1E031,1686,TM_UNKNOWN,False,False,
C1E031,2019,TM_UNKNOWN,False,False,
C1E031,2122,scene_transition,False,False,
C1E031,2154,scene_transition,False,False,
C1E031,2403,TM_UNKNOWN,False,False,
C1E032,178,travel_duration,False,False,
C1E032,178,TM_UNKNOWN,False,False,
C1E032,221,cumulative_anchor,False,False,
C1E032,223,scene_transition,False,False,
C1E032,673,TM_UNKNOWN,False,True,0
C1E032,764,TM_UNKNOWN,False,False,
C1E032,770,TM_UNKNOWN,False,False,
C1E032,1079,cumulative_anchor,False,True,2
C1E032,1305,scene_transition,False,False,
C1E032,1394,TM_UNKNOWN,False,False,
C1E032,1407,cumulative_anchor,False,False,
C1E032,1435,TM_UNKNOWN,False,False,
C1E032,1548,TM_UNKNOWN,False,False,
C1E032,1548,in_scene_compression,False,False,
C1E032,1564,in_scene_compression,False,False,
C1E032,1572,travel_duration,False,False,
C1E032,1579,travel_duration,False,False,
C1E032,1608,TM_UNKNOWN,False,False,
C1E032,1715,scene_transition,False,False,
C1E032,1770,in_scene_compression,False,False,
C1E032,1869,TM_UNKNOWN,False,False,
C1E032,1869,scene_transition,False,False,
C1E032,1887,scene_transition,False,False,
C1E032,1995,TM_UNKNOWN,False,False,
C1E032,2026,scene_transition,False,False,
C1E032,2266,TM_UNKNOWN,False,False,
C1E032,2297,TM_UNKNOWN,False,False,
C1E032,2314,TM_UNKNOWN,False,False,
C1E032,2416,cumulative_anchor,False,False,
C1E032,2418,TM_UNKNOWN,False,False,
C1E033,15,travel_duration,False,False,
C1E033,91,TM_UNKNOWN,False,False,
C1E033,121,TM_UNKNOWN,False,False,
C1E033,138,TM_UNKNOWN,False,False,
C1E033,138,travel_duration,False,False,
C1E033,294,TM_UNKNOWN,False,False,
C1E033,304,TM_UNKNOWN,False,False,
C1E033,375,TM_UNKNOWN,False,False,
C1E033,450,cumulative_anchor,False,False,
C1E033,527,TM_UNKNOWN,False,False,
C1E033,736,scene_transition,False,False,
C1E033,1099,scene_transition,False,False,
C1E033,1136,TM_UNKNOWN,False,False,
C1E033,1642,TM_UNKNOWN,False,False,
C1E033,1675,in_scene_compression,False,False,
C1E033,1704,scene_transition,False,False,
C1E033,1746,in_scene_compression,False,False,
C1E033,1751,TM_UNKNOWN,False,False,
C1E033,1796,TM_UNKNOWN,False,False,
C1E033,1820,TM_UNKNOWN,False,False,
C1E033,1899,TM_UNKNOWN,False,False,
C1E033,1899,TM_UNKNOWN,False,False,
C1E033,2218,TM_UNKNOWN,False,False,
C1E033,2238,TM_UNKNOWN,False,False,
C1E033,2349,TM_UNKNOWN,False,False,
C1E033,2669,TM_UNKNOWN,False,False,
C1E033,2927,TM_UNKNOWN,False,False,
C1E033,2956,TM_UNKNOWN,False,False,
C1E033,3096,scene_transition,False,False,
C1E033,3103,scene_transition,False,False,
C1E033,3214,scene_transition,False,False,
C1E034,101,travel_duration,False,False,
C1E034,101,travel_duration,False,False,
C1E034,101,TM_UNKNOWN,False,False,
C1E034,104,TM_UNKNOWN,False,False,
C1E034,105,scene_transition,False,False,
C1E034,256,scene_transition,False,False,
C1E034,301,TM_UNKNOWN,False,False,
C1E034,303,TM_UNKNOWN,False,False,
C1E034,305,TM_UNKNOWN,False,False,
C1E034,403,in_scene_compression,False,False,
C1E034,412,TM_UNKNOWN,False,False,
C1E034,415,travel_duration,False,False,
C1E034,435,TM_UNKNOWN,False,False,
C1E034,514,TM_UNKNOWN,False,False,
C1E034,622,cumulative_anchor,False,False,
C1E034,737,scene_transition,False,False,
C1E034,1054,TM_UNKNOWN,False,False,
C1E034,1106,TM_UNKNOWN,False,False,
C1E034,1154,TM_UNKNOWN,False,False,
C1E034,1296,TM_UNKNOWN,False,False,
C1E034,1301,TM_UNKNOWN,False,False,
C1E034,1787,TM_UNKNOWN,False,False,
C1E034,1826,TM_UNKNOWN,False,False,
C1E034,2045,TM_UNKNOWN,False,False,
C1E034,2164,TM_UNKNOWN,False,False,
C1E034,2310,TM_UNKNOWN,False,False,
C1E034,2523,TM_UNKNOWN,False,False,
C1E034,2562,scene_transition,False,False,
C1E034,2599,TM_UNKNOWN,False,False,
C1E034,2605,scene_transition,False,False,
C1E034,2788,TM_UNKNOWN,False,False,
C1E035,113,scene_transition,False,False,
C1E035,674,scene_transition,True,True,14
C1E035,770,TM_UNKNOWN,False,False,
C1E035,781,TM_UNKNOWN,False,False,
C1E035,931,TM_UNKNOWN,False,False,
C1E035,1170,TM_UNKNOWN,False,False,
C1E035,1384,TM_UNKNOWN,False,False,
C1E035,1570,travel_duration,False,False,
C1E035,1575,in_scene_compression,False,False,
C1E035,1666,scene_transition,False,False,
C1E035,1698,TM_UNKNOWN,False,False,
C1E035,1714,TM_UNKNOWN,False,False,
C1E035,1781,cumulative_anchor,False,False,
C1E035,1823,TM_UNKNOWN,False,False,
C1E035,1890,TM_UNKNOWN,False,False,
C1E035,1895,scene_transition,False,False,
C1E035,1945,TM_UNKNOWN,False,False,
C1E035,2047,TM_UNKNOWN,False,False,
C1E035,2047,TM_UNKNOWN,False,False,
C1E035,2047,TM_UNKNOWN,False,False,
C1E035,2063,cumulative_anchor,False,False,
C1E037,59,TM_UNKNOWN,False,False,
C1E037,59,scene_transition,False,False,
C1E037,59,cumulative_anchor,False,False,
C1E037,59,travel_duration,False,False,
C1E037,122,travel_duration,False,False,
C1E037,134,TM_UNKNOWN,False,False,
C1E037,155,TM_UNKNOWN,False,False,
C1E037,155,cumulative_anchor,False,False,
C1E037,168,TM_UNKNOWN,False,False,
C1E037,205,TM_UNKNOWN,False,False,
C1E037,292,scene_transition,False,False,
C1E037,349,TM_UNKNOWN,False,False,
C1E037,351,TM_UNKNOWN,False,False,
C1E037,351,TM_UNKNOWN,False,False,
C1E037,383,TM_UNKNOWN,False,False,
C1E037,443,TM_UNKNOWN,False,False,
C1E037,585,cumulative_anchor,False,False,
C1E037,631,travel_duration,False,False,
C1E037,638,scene_transition,False,False,
C1E037,663,TM_UNKNOWN,False,False,
C1E037,779,in_scene_compression,False,False,
C1E037,779,TM_UNKNOWN,False,False,
C1E037,793,in_scene_compression,False,False,
C1E037,897,TM_UNKNOWN,False,False,
C1E037,916,TM_UNKNOWN,False,False,
C1E037,928,TM_UNKNOWN,False,False,
C1E037,953,TM_UNKNOWN,False,False,
C1E037,962,TM_UNKNOWN,False,False,
C1E037,986,TM_UNKNOWN,False,False,
C1E037,988,TM_UNKNOWN,False,False,
C1E037,1090,TM_UNKNOWN,False,False,
C1E037,1182,TM_UNKNOWN,False,False,
C1E037,1182,TM_UNKNOWN,False,False,
C1E037,1186,TM_UNKNOWN,False,False,
C1E037,1220,TM_UNKNOWN,False,False,
C1E037,1333,TM_UNKNOWN,False,False,
C1E037,1355,TM_UNKNOWN,False,False,
C1E037,1357,TM_UNKNOWN,False,False,
C1E037,1440,TM_UNKNOWN,False,False,
C1E037,1676,TM_UNKNOWN,False,False,
C1E037,1897,scene_transition,False,False,
C1E037,1955,TM_UNKNOWN,False,False,
C1E037,1987,scene_transition,False,False,
C1E037,1989,TM_UNKNOWN,False,False,
C1E037,1997,TM_UNKNOWN,False,False,
C1E037,2072,scene_transition,True,True,23
C1E037,2409,TM_UNKNOWN,False,False,
C1E037,2632,scene_transition,False,False,
C1E039,46,TM_UNKNOWN,False,False,
C1E039,68,cumulative_anchor,False,True,11
C1E039,68,scene_transition,False,True,11
C1E039,68,TM_UNKNOWN,False,True,11
C1E039,71,cumulative_anchor,False,True,8
C1E039,166,TM_UNKNOWN,False,False,
C1E039,199,TM_UNKNOWN,False,False,
C1E039,250,TM_UNKNOWN,False,False,
C1E039,347,in_scene_compression,False,False,
C1E039,353,in_scene_compression,False,False,
C1E039,377,TM_UNKNOWN,False,False,
C1E039,379,TM_UNKNOWN,False,False,
C1E039,435,TM_UNKNOWN,False,False,
C1E039,464,TM_UNKNOWN,False,False,
C1E039,472,in_scene_compression,False,False,
C1E039,505,TM_UNKNOWN,False,False,
C1E039,562,TM_UNKNOWN,False,False,
C1E039,596,in_scene_compression,False,False,
C1E039,655,travel_duration,False,False,
C1E039,754,TM_UNKNOWN,False,False,
C1E039,818,TM_UNKNOWN,False,False,
C1E039,833,TM_UNKNOWN,False,False,
C1E039,877,TM_UNKNOWN,False,False,
C1E039,933,TM_UNKNOWN,False,False,
C1E039,937,TM_UNKNOWN,False,False,
C1E039,1020,scene_transition,False,False,
C1E039,1124,in_scene_compression,False,False,
C1E039,1131,TM_UNKNOWN,False,False,
C1E039,1278,TM_UNKNOWN,False,False,
C1E039,1407,cumulative_anchor,False,False,
C1E039,1449,TM_UNKNOWN,False,False,
C1E039,1864,TM_UNKNOWN,False,False,
C1E039,1969,TM_UNKNOWN,False,False,
C1E039,2083,TM_UNKNOWN,False,False,
C1E039,2103,cumulative_anchor,False,False,
C1E039,2121,TM_UNKNOWN,False,False,
C1E039,2167,TM_UNKNOWN,False,True,24
C1E039,2170,TM_UNKNOWN,False,True,21
C1E040,153,TM_UNKNOWN,False,False,
C1E040,342,TM_UNKNOWN,False,False,
C1E040,451,TM_UNKNOWN,False,False,
C1E040,933,TM_UNKNOWN,False,False,
C1E040,1208,TM_UNKNOWN,False,False,
C1E040,1423,TM_UNKNOWN,False,False,
C1E040,1431,TM_UNKNOWN,False,False,
C1E040,1433,TM_UNKNOWN,False,False,
C1E040,1466,TM_UNKNOWN,False,False,
C1E040,1483,TM_UNKNOWN,False,False,
C1E040,1527,scene_transition,False,False,
C1E042,49,TM_UNKNOWN,False,False,
C1E042,146,TM_UNKNOWN,False,False,
C1E042,581,in_scene_compression,False,False,
C1E042,795,TM_UNKNOWN,False,False,
C1E042,984,scene_transition,False,False,
C1E042,1068,in_scene_compression,False,False,
C1E042,1613,scene_transition,False,False,
C1E042,1616,TM_UNKNOWN,False,False,
C1E042,1700,scene_transition,False,False,
C1E042,1903,TM_UNKNOWN,False,False,
C1E042,1996,scene_transition,False,False,
C1E042,2086,TM_UNKNOWN,False,False,
C1E042,2091,TM_UNKNOWN,False,False,
C1E042,2096,scene_transition,False,False,
C1E042,2107,scene_transition,False,False,
C1E042,2226,in_scene_compression,False,False,
C1E042,2267,scene_transition,False,False,
C1E042,2267,TM_UNKNOWN,False,False,
C1E042,2344,TM_UNKNOWN,False,False,
C1E042,2358,TM_UNKNOWN,False,False,
C1E042,2433,cumulative_anchor,False,False,
C1E043,308,scene_transition,False,False,
C1E043,351,in_scene_compression,False,False,
C1E043,538,TM_UNKNOWN,False,False,
C1E043,562,TM_UNKNOWN,False,False,
C1E043,985,TM_UNKNOWN,False,False,
C1E043,1167,cumulative_anchor,False,False,
C1E043,1253,TM_UNKNOWN,False,False,
C1E043,1395,cumulative_anchor,False,False,
C1E043,1429,cumulative_anchor,False,False,
C1E043,1434,TM_UNKNOWN,False,False,
C1E043,1446,TM_UNKNOWN,False,False,
C1E043,1681,travel_duration,False,False,
C1E043,2040,TM_UNKNOWN,False,False,
C1E043,2405,TM_UNKNOWN,False,False,
C1E043,2407,TM_UNKNOWN,False,False,
C1E043,2413,scene_transition,False,False,
C1E043,2473,TM_UNKNOWN,False,False,
C1E046,183,TM_UNKNOWN,False,False,
C1E046,1175,TM_UNKNOWN,False,False,
C1E046,1215,cumulative_anchor,False,False,
C1E046,1246,TM_UNKNOWN,False,False,
C1E046,1429,TM_UNKNOWN,False,False,
C1E046,1588,in_scene_compression,False,False,
C1E046,1654,TM_UNKNOWN,False,False,
C1E046,1662,cumulative_anchor,False,False,
C1E046,1810,TM_UNKNOWN,False,False,
C1E046,1987,TM_UNKNOWN,False,False,
C1E046,2213,TM_UNKNOWN,False,False,
C1E049,61,in_scene_compression,False,False,
C1E049,123,in_scene_compression,False,False,
C1E049,293,cumulative_anchor,False,False,
C1E049,295,TM_UNKNOWN,False,False,
C1E049,333,TM_UNKNOWN,False,False,
C1E049,409,TM_UNKNOWN,False,False,
C1E049,598,cumulative_anchor,False,False,
C1E049,598,travel_duration,False,False,
C1E049,635,scene_transition,False,False,
C1E049,645,TM_UNKNOWN,False,False,
C1E049,826,scene_transition,False,False,
C1E049,830,scene_transition,False,False,
C1E049,832,scene_transition,False,False,
C1E049,1429,TM_UNKNOWN,False,False,
C1E049,1467,scene_transition,False,False,
C1E049,1473,cumulative_anchor,False,False,
C1E049,1481,travel_duration,False,False,
C1E049,1531,TM_UNKNOWN,False,False,
C1E049,1543,TM_UNKNOWN,False,False,
C1E049,1674,TM_UNKNOWN,False,False,
C1E049,1769,TM_UNKNOWN,False,False,
C1E049,1883,in_scene_compression,False,False,
C1E049,1886,TM_UNKNOWN,False,False,
C1E049,1899,TM_UNKNOWN,False,False,
C1E049,1931,TM_UNKNOWN,False,False,
C1E049,1933,TM_UNKNOWN,False,False,
C1E049,2178,TM_UNKNOWN,False,False,
C1E049,2203,cumulative_anchor,False,False,
C1E049,2232,TM_UNKNOWN,False,False,
C1E049,2240,TM_UNKNOWN,False,False,
C1E049,2263,in_scene_compression,False,False,
C1E049,2280,scene_transition,False,False,
C1E049,2288,scene_transition,False,False,
C1E049,2290,scene_transition,False,False,
C1E049,2307,TM_UNKNOWN,False,False,
C1E049,2504,travel_duration,False,False,
C1E049,2591,in_scene_compression,False,False,
C1E049,2593,TM_UNKNOWN,False,False,
C1E049,2601,TM_UNKNOWN,False,False,
C1E049,2603,TM_UNKNOWN,False,False,
C1E049,2636,scene_transition,False,False,
C1E049,2834,TM_UNKNOWN,True,True,22
C1E049,3158,TM_UNKNOWN,False,False,
C1E049,3166,cumulative_anchor,False,False,
C1E049,3166,TM_UNKNOWN,False,False,
C1E049,3333,TM_UNKNOWN,False,False,
C1E049,3409,TM_UNKNOWN,False,False,
C1E049,3411,TM_UNKNOWN,False,False,
C1E050,4,TM_UNKNOWN,False,False,
C1E050,87,TM_UNKNOWN,False,False,
C1E050,94,cumulative_anchor,False,False,
C1E050,112,in_scene_compression,False,False,
C1E050,124,cumulative_anchor,False,False,
C1E050,218,TM_UNKNOWN,False,False,
C1E050,235,scene_transition,False,False,
C1E050,248,TM_UNKNOWN,False,False,
C1E050,248,TM_UNKNOWN,False,False,
C1E050,331,scene_transition,False,False,
C1E050,1013,TM_UNKNOWN,False,False,
C1E050,1056,travel_duration,False,False,
C1E050,1056,scene_transition,False,False,
C1E050,1251,scene_transition,False,False,
C1E050,1282,in_scene_compression,False,False,
C1E050,1288,cumulative_anchor,False,False,
C1E050,1290,in_scene_compression,False,False,
C1E050,1298,TM_UNKNOWN,False,False,
C1E050,1429,TM_UNKNOWN,False,False,
C1E050,1486,scene_transition,False,False,
C1E050,1488,scene_transition,False,False,
C1E050,1510,scene_transition,False,False,
C1E050,1696,TM_UNKNOWN,False,False,
C1E050,1708,in_scene_compression,False,False,
C1E050,1710,TM_UNKNOWN,False,False,
C1E050,1854,travel_duration,False,False,
C1E050,1856,cumulative_anchor,False,False,
C1E050,1862,TM_UNKNOWN,False,False,
C1E050,2013,in_scene_compression,False,False,
C1E052,31,TM_UNKNOWN,False,False,
C1E052,55,scene_transition,False,False,
C1E052,229,TM_UNKNOWN,False,False,
C1E052,256,TM_UNKNOWN,False,False,
C1E052,421,TM_UNKNOWN,False,False,
C1E052,961,cumulative_anchor,False,False,
C1E052,963,TM_UNKNOWN,False,False,
C1E052,1004,TM_UNKNOWN,False,False,
C1E052,1197,TM_UNKNOWN,False,False,
C1E052,1447,TM_UNKNOWN,False,False,
C1E052,1851,TM_UNKNOWN,False,False,
C1E052,1912,TM_UNKNOWN,False,False,
C1E052,2071,TM_UNKNOWN,False,False,
C1E052,2120,scene_transition,False,False,
C1E052,2151,scene_transition,False,False,
C1E052,2177,scene_transition,False,False,
C1E052,2209,TM_UNKNOWN,False,False,
C1E052,2257,TM_UNKNOWN,False,False,
C1E052,2263,TM_UNKNOWN,False,False,
C1E055,12,TM_UNKNOWN,False,False,
C1E055,28,TM_UNKNOWN,False,False,
C1E055,33,cumulative_anchor,False,False,
C1E055,65,TM_UNKNOWN,False,False,
C1E055,81,cumulative_anchor,False,False,
C1E055,81,TM_UNKNOWN,False,False,
C1E055,113,cumulative_anchor,True,True,
C1E055,233,travel_duration,False,False,
C1E055,374,TM_UNKNOWN,False,False,
C1E055,426,TM_UNKNOWN,False,False,
C1E055,532,TM_UNKNOWN,False,False,
C1E055,554,TM_UNKNOWN,False,False,
C1E055,658,cumulative_anchor,False,False,
C1E055,717,TM_UNKNOWN,False,False,
C1E055,768,TM_UNKNOWN,False,False,
C1E055,768,cumulative_anchor,False,False,
C1E055,774,TM_UNKNOWN,False,False,
C1E055,801,TM_UNKNOWN,False,False,
C1E055,825,scene_transition,False,False,
C1E055,840,scene_transition,False,False,
C1E055,842,TM_UNKNOWN,False,False,
C1E055,855,scene_transition,False,False,
C1E055,857,TM_UNKNOWN,False,False,
C1E055,870,TM_UNKNOWN,False,False,
C1E055,928,scene_transition,False,False,
C1E055,1367,TM_UNKNOWN,False,True,4
C1E055,1410,TM_UNKNOWN,False,False,
C1E055,1539,TM_UNKNOWN,False,False,
C1E055,1710,TM_UNKNOWN,False,False,
C1E055,1917,TM_UNKNOWN,False,False,
C1E055,2042,TM_UNKNOWN,False,False,
C1E055,2497,scene_transition,False,False,
C1E055,2499,scene_transition,False,False,
C1E055,2582,TM_UNKNOWN,False,False,
C1E055,2597,TM_UNKNOWN,False,False,
C1E055,2602,TM_UNKNOWN,False,False,
C1E055,2657,TM_UNKNOWN,False,False,
C1E058,24,TM_UNKNOWN,False,False,
C1E058,60,cumulative_anchor,False,False,
C1E058,79,in_scene_compression,False,True,25
C1E058,355,TM_UNKNOWN,False,False,
C1E058,372,travel_duration,False,False,
C1E058,465,TM_UNKNOWN,False,False,
C1E058,1642,TM_UNKNOWN,False,False,
C1E058,1851,TM_UNKNOWN,False,False,
C1E058,1907,TM_UNKNOWN,False,False,
C1E058,1909,TM_UNKNOWN,False,False,
C1E058,2113,travel_duration,False,False,
C1E058,2145,in_scene_compression,False,False,
C1E058,2178,travel_duration,False,False,
C1E058,2203,TM_UNKNOWN,False,False,
C1E058,2205,scene_transition,False,False,
C1E058,2212,scene_transition,False,False,
C1E058,2318,scene_transition,False,False,
C1E058,2439,TM_UNKNOWN,False,False,
C1E058,2589,in_scene_compression,False,False,
C1E058,2889,scene_transition,False,False,
C1E058,2895,TM_UNKNOWN,False,False,
C1E058,3121,TM_UNKNOWN,False,False,
C1E058,3136,TM_UNKNOWN,False,False,
C1E058,3201,TM_UNKNOWN,False,False,
C1E058,3302,TM_UNKNOWN,False,False,
C1E061,49,travel_duration,False,False,
C1E061,81,TM_UNKNOWN,False,False,
C1E061,318,cumulative_anchor,False,False,
C1E061,320,TM_UNKNOWN,False,False,
C1E061,322,cumulative_anchor,False,False,
C1E061,337,cumulative_anchor,False,False,
C1E061,393,travel_duration,False,False,
C1E061,489,cumulative_anchor,False,False,
C1E061,708,TM_UNKNOWN,False,False,
C1E061,714,scene_transition,False,False,
C1E061,877,scene_transition,False,False,
C1E061,900,cumulative_anchor,False,False,
C1E061,1202,TM_UNKNOWN,False,False,
C1E061,1264,TM_UNKNOWN,False,False,
C1E061,1327,scene_transition,False,False,
C1E061,1385,scene_transition,False,False,
C1E061,1434,in_scene_compression,False,False,
C1E061,1523,scene_transition,False,False,
C1E061,1784,TM_UNKNOWN,False,False,
C1E061,2001,TM_UNKNOWN,False,False,
C1E061,2028,TM_UNKNOWN,False,False,
C1E061,2202,scene_transition,False,False,
C1E061,2286,TM_UNKNOWN,False,False,
C1E061,2303,travel_duration,False,False,
C1E062,77,scene_transition,False,False,
C1E062,114,TM_UNKNOWN,False,False,
C1E062,238,TM_UNKNOWN,False,False,
C1E062,394,TM_UNKNOWN,False,False,
C1E062,579,TM_UNKNOWN,False,False,
C1E062,660,cumulative_anchor,False,False,
C1E062,666,TM_UNKNOWN,False,False,
C1E062,769,TM_UNKNOWN,False,False,
C1E062,869,TM_UNKNOWN,False,False,
C1E062,883,TM_UNKNOWN,False,False,
C1E062,896,TM_UNKNOWN,False,False,
C1E062,961,TM_UNKNOWN,False,False,
C1E062,1173,TM_UNKNOWN,False,False,
C1E062,1285,in_scene_compression,False,False,
C1E062,1394,TM_UNKNOWN,False,False,
C1E062,1405,TM_UNKNOWN,False,False,
C1E062,1485,scene_transition,False,False,
C1E062,1513,in_scene_compression,False,False,
C1E063,191,TM_UNKNOWN,False,False,
C1E063,270,travel_duration,False,False,
C1E063,323,TM_UNKNOWN,False,False,
C1E063,345,in_scene_compression,False,False,
C1E063,444,cumulative_anchor,False,False,
C1E063,516,TM_UNKNOWN,False,False,
C1E063,658,TM_UNKNOWN,False,False,
C1E063,722,scene_transition,False,False,
C1E063,726,scene_transition,False,False,
C1E063,875,TM_UNKNOWN,False,False,
C1E063,877,scene_transition,False,False,
C1E063,905,scene_transition,False,False,
C1E063,952,in_scene_compression,False,False,
C1E063,1058,TM_UNKNOWN,False,False,
C1E063,1074,in_scene_compression,False,False,
C1E063,1638,scene_transition,False,False,
C1E063,1830,TM_UNKNOWN,False,False,
C1E063,1983,TM_UNKNOWN,False,False,
C1E063,2379,TM_UNKNOWN,False,False,
C1E063,2672,TM_UNKNOWN,False,False,
C1E063,2709,TM_UNKNOWN,False,False,
C1E063,2731,TM_UNKNOWN,False,False,
C1E063,3088,TM_UNKNOWN,False,False,
C1E063,3156,TM_UNKNOWN,False,False,
C1E063,3241,scene_transition,False,False,
C1E063,3297,scene_transition,False,False,
C1E063,3709,TM_UNKNOWN,False,False,
C1E068,61,TM_UNKNOWN,False,False,
C1E068,63,TM_UNKNOWN,False,False,
C1E068,155,TM_UNKNOWN,False,True,20
C1E068,540,TM_UNKNOWN,False,False,
C1E068,679,TM_UNKNOWN,False,False,
C1E068,841,in_scene_compression,False,False,
C1E068,972,cumulative_anchor,False,False,
C1E068,1183,TM_UNKNOWN,False,False,
C1E068,1982,TM_UNKNOWN,False,False,
C1E068,2479,TM_UNKNOWN,False,False,
C1E068,2490,scene_transition,False,False,
C1E068,2548,TM_UNKNOWN,False,False,
C1E068,2920,TM_UNKNOWN,False,False,
C1E071,312,TM_UNKNOWN,False,False,
C1E071,360,in_scene_compression,False,False,
C1E071,436,scene_transition,False,False,
C1E071,523,scene_transition,False,False,
C1E071,920,cumulative_anchor,False,False,
C1E071,973,TM_UNKNOWN,False,False,
C1E071,1093,in_scene_compression,False,False,
C1E071,1412,TM_UNKNOWN,False,False,
C1E071,1423,TM_UNKNOWN,False,False,
C1E071,1477,TM_UNKNOWN,False,False,
C1E071,1497,TM_UNKNOWN,False,False,
C1E071,1707,TM_UNKNOWN,True,True,
C1E071,1931,TM_UNKNOWN,False,False,
C1E071,1940,TM_UNKNOWN,False,False,
C1E071,1954,TM_UNKNOWN,False,False,
C1E071,2036,TM_UNKNOWN,False,False,
C1E071,2197,TM_UNKNOWN,False,False,
C1E071,2319,TM_UNKNOWN,False,False,
C1E071,2379,TM_UNKNOWN,False,False,
C1E071,2562,TM_UNKNOWN,False,False,
C1E071,2569,TM_UNKNOWN,False,False,
C1E076,27,scene_transition,False,False,
C1E076,42,TM_UNKNOWN,False,False,
C1E076,475,cumulative_anchor,False,False,
C1E076,475,TM_UNKNOWN,False,False,
C1E076,569,TM_UNKNOWN,False,False,
C1E076,1234,TM_UNKNOWN,False,False,
C1E076,1712,TM_UNKNOWN,False,False,
C1E076,1729,in_scene_compression,False,False,
C1E076,1821,scene_transition,False,False,
C1E076,2083,TM_UNKNOWN,False,False,
C1E076,2186,travel_duration,False,False,
C1E076,2188,TM_UNKNOWN,False,False,
C1E085,643,TM_UNKNOWN,False,False,
C1E085,872,TM_UNKNOWN,False,False,
C1E085,988,TM_UNKNOWN,False,False,
C1E085,1267,cumulative_anchor,False,False,
C1E085,1331,TM_UNKNOWN,False,False,
C1E085,1716,TM_UNKNOWN,False,False,
C1E085,2018,scene_transition,False,False,
C1E085,2264,TM_UNKNOWN,False,False,
C1E086,75,cumulative_anchor,False,False,
C1E086,92,in_scene_compression,False,False,
C1E086,301,cumulative_anchor,False,False,
C1E086,313,cumulative_anchor,False,False,
C1E086,590,cumulative_anchor,False,False,
C1E086,851,scene_transition,False,False,
C1E086,1011,cumulative_anchor,False,False,
C1E086,1521,travel_duration,False,False,
C1E086,2202,scene_transition,False,False,
C1E086,2243,cumulative_anchor,False,False,
C1E086,2309,travel_duration,False,False,
C1E086,2412,in_scene_compression,False,False,
C1E086,2537,cumulative_anchor,False,False,
C1E086,2576,travel_duration,False,False,
C1E086,2597,TM_UNKNOWN,False,False,
C1E086,2682,TM_UNKNOWN,False,False,
C1E086,3031,travel_duration,False,False,
C1E086,3098,cumulative_anchor,False,False,
C1E086,3162,scene_transition,False,False,
C1E087,83,TM_UNKNOWN,False,False,
C1E087,83,travel_duration,False,False,
C1E087,104,cumulative_anchor,False,False,
C1E087,104,TM_UNKNOWN,False,False,
C1E087,131,TM_UNKNOWN,False,False,
C1E087,224,TM_UNKNOWN,False,False,
C1E087,238,in_scene_compression,False,False,
C1E087,297,scene_transition,False,False,
C1E087,327,scene_transition,False,False,
C1E087,415,TM_UNKNOWN,False,False,
C1E087,644,TM_UNKNOWN,False,False,
C1E087,875,scene_transition,False,False,
C1E087,1027,TM_UNKNOWN,False,False,
C1E087,1038,TM_UNKNOWN,False,False,
C1E087,1455,TM_UNKNOWN,False,False,
C1E087,1725,TM_UNKNOWN,False,False,
C1E087,2043,TM_UNKNOWN,False,False,
C1E087,2078,TM_UNKNOWN,False,False,
C1E087,2287,TM_UNKNOWN,False,False,
C1E087,2412,travel_duration,False,False,
C1E087,2418,scene_transition,False,False,
C1E087,2465,in_scene_compression,False,False,
C1E087,2648,scene_transition,False,False,
C1E087,2650,scene_transition,False,False,
C1E087,2661,scene_transition,False,False,
C1E087,2719,TM_UNKNOWN,False,False,
C1E087,2724,TM_UNKNOWN,False,False,
C1E087,2833,TM_UNKNOWN,False,False,
C1E092,2,TM_UNKNOWN,False,False,
C1E092,81,scene_transition,False,False,
C1E092,706,scene_transition,False,False,
C1E092,757,in_scene_compression,False,False,
C1E092,877,travel_duration,False,False,
C1E092,972,TM_UNKNOWN,False,False,
C1E092,1454,cumulative_anchor,False,False,
C1E092,1454,TM_UNKNOWN,False,False,
C1E092,1531,cumulative_anchor,False,False,
C1E092,1635,TM_UNKNOWN,False,False,
C1E092,1705,in_scene_compression,False,False,
C1E092,1754,TM_UNKNOWN,False,False,
C1E092,1779,scene_transition,False,False,
C1E092,1884,TM_UNKNOWN,False,False,
C1E092,2398,cumulative_anchor,False,False,
C1E093,12,TM_UNKNOWN,False,False,
C1E093,18,TM_UNKNOWN,False,False,
C1E093,813,TM_UNKNOWN,False,False,
C1E093,1325,TM_UNKNOWN,False,False,
C1E093,1430,scene_transition,False,False,
C1E093,1439,TM_UNKNOWN,False,False,
C1E093,1696,TM_UNKNOWN,False,False,
C1E093,1700,travel_duration,False,False,
C1E093,1711,TM_UNKNOWN,False,False,
C1E093,1774,TM_UNKNOWN,False,False,
C1E093,1836,in_scene_compression,False,False,
C1E093,1985,cumulative_anchor,False,False,
C1E093,2253,TM_UNKNOWN,False,False,
C1E093,2292,TM_UNKNOWN,False,False,
C1E093,2479,TM_UNKNOWN,False,False,
C1E093,2482,cumulative_anchor,False,False,
C1E093,2603,scene_transition,False,False,
C1E093,2758,TM_UNKNOWN,False,False,
C1E093,2764,TM_UNKNOWN,False,False,
C1E093,3126,TM_UNKNOWN,False,False,
C1E094,39,TM_UNKNOWN,False,False,
C1E094,54,travel_duration,False,False,
C1E094,135,TM_UNKNOWN,False,False,
C1E094,410,TM_UNKNOWN,False,False,
C1E094,418,TM_UNKNOWN,False,False,
C1E094,422,TM_UNKNOWN,False,False,
C1E094,469,travel_duration,False,False,
C1E094,469,cumulative_anchor,False,False,
C1E094,649,cumulative_anchor,False,False,
C1E094,774,scene_transition,False,False,
C1E094,788,TM_UNKNOWN,False,False,
C1E094,942,TM_UNKNOWN,False,False,
C1E094,1037,TM_UNKNOWN,False,False,
C1E094,1393,in_scene_compression,False,False,
C1E094,1415,cumulative_anchor,False,False,
C1E094,1542,TM_UNKNOWN,False,False,
C1E094,1562,TM_UNKNOWN,False,False,
C1E094,1570,TM_UNKNOWN,False,False,
C1E094,1595,TM_UNKNOWN,False,False,
C1E094,1652,TM_UNKNOWN,False,False,
C1E094,1667,scene_transition,False,False,
C1E094,1667,scene_transition,False,False,
C1E094,1680,TM_UNKNOWN,False,False,
C1E094,1740,scene_transition,False,False,
C1E094,1774,TM_UNKNOWN,False,False,
C1E094,1830,TM_UNKNOWN,False,False,
C1E094,1830,TM_UNKNOWN,False,False,
C1E094,1841,TM_UNKNOWN,False,False,
C1E094,1919,TM_UNKNOWN,False,False,
C1E094,1930,scene_transition,False,False,
C1E094,1932,TM_UNKNOWN,False,False,
C1E094,1958,scene_transition,False,False,
C1E094,2016,TM_UNKNOWN,False,False,
C1E094,2042,cumulative_anchor,False,False,
C1E094,2089,travel_duration,False,False,
C1E094,2164,TM_UNKNOWN,False,False,
C1E094,2238,TM_UNKNOWN,True,True,17
C1E094,2393,TM_UNKNOWN,False,False,
C1E094,2555,scene_transition,False,False,
C1E094,2736,scene_transition,False,False,
C1E094,2747,scene_transition,False,False,
C1E094,2747,scene_transition,False,False,
C1E094,2765,in_scene_compression,False,False,
C1E097,74,travel_duration,False,False,
C1E097,369,scene_transition,False,False,
C1E097,390,cumulative_anchor,False,False,
C1E097,400,scene_transition,False,False,
C1E097,400,TM_UNKNOWN,False,False,
C1E097,455,TM_UNKNOWN,False,False,
C1E097,522,TM_UNKNOWN,False,False,
C1E097,530,TM_UNKNOWN,False,False,
C1E097,587,TM_UNKNOWN,False,False,
C1E097,605,TM_UNKNOWN,False,False,
C1E097,611,cumulative_anchor,False,False,
C1E097,611,TM_UNKNOWN,False,False,
C1E097,808,TM_UNKNOWN,False,False,
C1E097,829,cumulative_anchor,False,False,
C1E097,829,TM_UNKNOWN,False,False,
C1E097,960,scene_transition,False,False,
C1E097,993,TM_UNKNOWN,False,False,
C1E097,1009,TM_UNKNOWN,False,False,
C1E097,1055,cumulative_anchor,False,False,
C1E097,1152,cumulative_anchor,False,False,
C1E097,1282,cumulative_anchor,False,False,
C1E097,1336,TM_UNKNOWN,False,False,
C1E097,1348,in_scene_compression,False,False,
C1E097,1375,scene_transition,False,False,
C1E097,1413,travel_duration,False,False,
C1E097,1547,TM_UNKNOWN,False,False,
C1E097,1551,TM_UNKNOWN,False,False,
C1E097,1634,scene_transition,False,False,
C1E097,1650,TM_UNKNOWN,False,False,
C1E097,1676,TM_UNKNOWN,False,False,
C1E097,1695,travel_duration,False,False,
C1E097,1705,in_scene_compression,False,False,
C1E097,1712,travel_duration,False,False,
C1E097,1786,TM_UNKNOWN,False,False,
C1E097,1813,TM_UNKNOWN,False,True,0
C1E097,1918,TM_UNKNOWN,False,False,
C1E097,1920,TM_UNKNOWN,False,False,
C1E097,2107,TM_UNKNOWN,False,False,
C1E097,2129,TM_UNKNOWN,False,False,
C1E097,2179,TM_UNKNOWN,False,False,
C1E097,2373,in_scene_compression,False,False,
C1E098,447,travel_duration,False,False,
C1E098,477,TM_UNKNOWN,False,False,
C1E098,536,TM_UNKNOWN,False,False,
C1E098,708,TM_UNKNOWN,False,False,
C1E098,771,TM_UNKNOWN,False,False,
C1E098,780,TM_UNKNOWN,False,False,
C1E098,794,TM_UNKNOWN,False,False,
C1E098,830,scene_transition,False,False,
C1E098,885,TM_UNKNOWN,False,False,
C1E098,914,TM_UNKNOWN,False,False,
C1E098,1130,cumulative_anchor,False,False,
C1E098,1136,travel_duration,False,False,
C1E098,1190,TM_UNKNOWN,False,False,
C1E098,1408,TM_UNKNOWN,False,False,
C1E098,1452,scene_transition,False,False,
C1E098,1476,scene_transition,False,False,
C1E098,1479,TM_UNKNOWN,False,False,
C1E098,1479,scene_transition,False,False,
C1E098,1878,TM_UNKNOWN,False,False,
C1E098,2376,in_scene_compression,False,False,
C1E098,2472,TM_UNKNOWN,False,False,
C1E099,21,scene_transition,False,False,
C1E099,142,TM_UNKNOWN,False,False,
C1E099,213,scene_transition,False,False,
C1E099,240,cumulative_anchor,False,False,
C1E099,240,TM_UNKNOWN,False,False,
C1E099,244,TM_UNKNOWN,False,False,
C1E099,247,TM_UNKNOWN,False,False,
C1E099,251,in_scene_compression,False,False,
C1E099,355,TM_UNKNOWN,False,False,
C1E099,357,scene_transition,False,False,
C1E099,398,scene_transition,False,False,
C1E099,422,TM_UNKNOWN,False,False,
C1E099,437,TM_UNKNOWN,False,False,
C1E099,604,in_scene_compression,False,False,
C1E099,1146,TM_UNKNOWN,False,False,
C1E099,1787,cumulative_anchor,False,False,
C1E099,2070,cumulative_anchor,False,False,
C1E099,2230,scene_transition,False,False,
C1E099,2270,cumulative_anchor,False,False,
C1E100,4,TM_UNKNOWN,False,False,
C1E100,58,scene_transition,False,False,
C1E100,144,cumulative_anchor,False,False,
C1E100,181,TM_UNKNOWN,False,False,
C1E100,181,TM_UNKNOWN,False,False,
C1E100,207,cumulative_anchor,False,False,
C1E100,270,in_scene_compression,False,False,
C1E100,289,TM_UNKNOWN,False,False,
C1E100,369,TM_UNKNOWN,False,False,
C1E100,493,TM_UNKNOWN,False,False,
C1E100,667,in_scene_compression,False,False,
C1E100,677,scene_transition,False,False,
C1E100,680,cumulative_anchor,False,False,
C1E100,716,in_scene_compression,False,False,
C1E100,723,travel_duration,False,False,
C1E100,744,TM_UNKNOWN,False,False,
C1E100,887,travel_duration,False,False,
C1E100,900,TM_UNKNOWN,False,False,
C1E100,1081,TM_UNKNOWN,False,False,
C1E100,1276,in_scene_compression,False,False,
C1E100,1371,TM_UNKNOWN,False,False,
C1E100,1580,cumulative_anchor,False,False,
C1E100,1715,scene_transition,False,False,
C1E100,1965,TM_UNKNOWN,False,False,
C1E100,2332,TM_UNKNOWN,False,False,
C1E100,2612,in_scene_compression,False,False,
C1E100,3124,in_scene_compression,False,False,
C1E100,3398,TM_UNKNOWN,False,False,
C1E102,58,TM_UNKNOWN,False,False,
C1E102,247,TM_UNKNOWN,False,False,
C1E102,386,TM_UNKNOWN,False,False,
C1E102,521,TM_UNKNOWN,False,False,
C1E102,646,in_scene_compression,False,False,
C1E102,874,scene_transition,False,False,
C1E102,874,scene_transition,False,False,
C1E102,876,scene_transition,False,False,
C1E102,885,TM_UNKNOWN,False,False,
C1E102,923,TM_UNKNOWN,False,False,
C1E102,968,in_scene_compression,False,False,
C1E102,1188,in_scene_compression,False,False,
C1E102,1276,TM_UNKNOWN,False,False,
C1E102,1297,TM_UNKNOWN,False,False,
C1E102,1464,cumulative_anchor,True,True,24
C1E102,1712,TM_UNKNOWN,False,False,
C1E102,1941,TM_UNKNOWN,False,False,
C1E102,2025,TM_UNKNOWN,False,False,
C1E105,33,TM_UNKNOWN,False,False,
C1E105,78,TM_UNKNOWN,False,False,
C1E105,170,TM_UNKNOWN,False,False,
C1E105,248,TM_UNKNOWN,False,False,
C1E105,390,scene_transition,False,False,
C1E105,480,TM_UNKNOWN,False,False,
C1E105,502,in_scene_compression,False,False,
C1E105,833,TM_UNKNOWN,False,False,
C1E105,963,scene_transition,False,True,15
C1E105,1013,TM_UNKNOWN,False,False,
C1E105,1139,scene_transition,False,False,
C1E105,1554,TM_UNKNOWN,False,False,
C1E105,2081,scene_transition,False,False,
C1E107,87,TM_UNKNOWN,False,False,
C1E107,131,cumulative_anchor,False,False,
C1E107,188,TM_UNKNOWN,False,False,
C1E107,195,scene_transition,False,False,
C1E107,321,TM_UNKNOWN,False,False,
C1E107,491,TM_UNKNOWN,False,False,
C1E107,529,TM_UNKNOWN,False,False,
C1E107,554,travel_duration,False,False,
C1E107,565,TM_UNKNOWN,False,False,
C1E107,584,travel_duration,False,False,
C1E107,667,TM_UNKNOWN,False,False,
C1E107,674,TM_UNKNOWN,False,False,
C1E107,895,in_scene_compression,False,False,
C1E107,1033,TM_UNKNOWN,False,False,
C1E107,1079,travel_duration,False,False,
C1E107,1401,TM_UNKNOWN,False,False,
C1E107,1601,in_scene_compression,False,False,
C1E107,1652,TM_UNKNOWN,False,False,
C1E107,1663,TM_UNKNOWN,False,False,
C1E107,1723,TM_UNKNOWN,False,False,
C1E107,1868,in_scene_compression,False,False,
C1E107,1877,TM_UNKNOWN,False,False,
C1E107,1880,TM_UNKNOWN,False,False,
C1E107,1979,scene_transition,False,False,
C1E107,2066,TM_UNKNOWN,False,False,
C1E108,211,TM_UNKNOWN,False,False,
C1E108,446,TM_UNKNOWN,False,False,
C1E108,546,travel_duration,False,False,
C1E108,640,in_scene_compression,False,False,
C1E108,730,cumulative_anchor,False,False,
C1E108,816,cumulative_anchor,False,False,
C1E108,820,TM_UNKNOWN,False,False,
C1E108,830,cumulative_anchor,False,False,
C1E108,867,cumulative_anchor,False,False,
C1E108,960,TM_UNKNOWN,False,False,
C1E108,1318,TM_UNKNOWN,False,False,
C1E108,1388,TM_UNKNOWN,False,False,
C1E108,1593,TM_UNKNOWN,False,False,
C1E108,1605,TM_UNKNOWN,False,False,
C1E108,1748,TM_UNKNOWN,False,False,
C1E108,1848,TM_UNKNOWN,False,False,
C1E108,1913,TM_UNKNOWN,False,False,
C1E108,2011,scene_transition,False,False,
C1E108,2038,scene_transition,False,False,
C1E108,2084,in_scene_compression,False,False,
C1E108,2110,scene_transition,False,False,
C1E108,2137,TM_UNKNOWN,False,False,
C1E108,2166,in_scene_compression,False,False,
C1E108,2267,TM_UNKNOWN,False,False,
C1E108,2278,in_scene_compression,False,False,
C1E108,2293,TM_UNKNOWN,False,False,
C1E108,2342,in_scene_compression,False,False,
C1E108,2403,scene_transition,False,False,
C1E110,9,TM_UNKNOWN,False,False,
C1E110,57,TM_UNKNOWN,False,False,
C1E110,97,TM_UNKNOWN,False,False,
C1E110,109,TM_UNKNOWN,False,False,
C1E110,120,TM_UNKNOWN,False,False,
C1E110,126,in_scene_compression,False,False,
C1E110,195,in_scene_compression,False,False,
C1E110,197,cumulative_anchor,False,False,
C1E110,348,cumulative_anchor,False,False,
C1E110,476,TM_UNKNOWN,False,False,
C1E110,1131,scene_transition,False,False,
C1E110,1136,scene_transition,False,False,
C1E110,1151,scene_transition,False,False,
C1E110,1339,travel_duration,False,False,
C1E110,1407,TM_UNKNOWN,False,False,
C1E110,1472,TM_UNKNOWN,False,False,
C1E110,1475,TM_UNKNOWN,False,False,
C1E110,1639,TM_UNKNOWN,False,False,
C1E110,2062,TM_UNKNOWN,False,False,
C1E110,2332,TM_UNKNOWN,False,False,
C1E110,2480,TM_UNKNOWN,False,False,
C1E110,2502,scene_transition,False,False,
C1E110,2506,scene_transition,False,False,
C1E110,2508,scene_transition,False,False,
C1E110,2512,scene_transition,False,False,
C1E111,81,scene_transition,False,False,
C1E111,204,scene_transition,False,False,
C1E111,479,TM_UNKNOWN,False,False,
C1E111,481,TM_UNKNOWN,False,False,
C1E111,485,TM_UNKNOWN,False,False,
C1E111,485,scene_transition,False,False,
C1E111,510,in_scene_compression,False,False,
C1E111,513,in_scene_compression,False,False,
C1E111,956,cumulative_anchor,False,False,
C1E111,1109,TM_UNKNOWN,False,False,
C1E111,1419,TM_UNKNOWN,False,False,
C1E111,1754,TM_UNKNOWN,False,False,
C1E111,1870,scene_transition,False,False,
C1E111,1916,cumulative_anchor,False,False,
C1E113,39,TM_UNKNOWN,False,False,
C1E113,75,TM_UNKNOWN,False,False,
C1E113,75,scene_transition,False,False,
C1E113,465,TM_UNKNOWN,False,False,
C1E113,488,in_scene_compression,False,False,
C1E113,594,scene_transition,False,False,
C1E113,596,TM_UNKNOWN,False,False,
C1E113,623,in_scene_compression,False,False,
C1E113,643,TM_UNKNOWN,False,False,
C1E113,1035,TM_UNKNOWN,False,False,
C1E113,1084,cumulative_anchor,False,False,
C1E113,1152,cumulative_anchor,False,False,
C1E113,1168,TM_UNKNOWN,False,False,
C1E113,1296,TM_UNKNOWN,False,False,
C1E113,1461,TM_UNKNOWN,False,True,0
C1E113,1486,TM_UNKNOWN,True,True,25
C1E113,2499,TM_UNKNOWN,False,False,
C1E113,2511,TM_UNKNOWN,False,False,
C1E113,2576,TM_UNKNOWN,False,False,
C1E113,2824,scene_transition,False,False,
C1E113,2826,scene_transition,False,False,
C1E113,2869,in_scene_compression,False,False,
C1E113,2873,scene_transition,False,False,
C1E113,2876,scene_transition,False,False,
C1E113,2892,scene_transition,False,False,
C1E113,2920,scene_transition,False,False,
C1E113,3058,TM_UNKNOWN,False,False,
C1E113,3139,TM_UNKNOWN,False,False,
C1E113,3183,TM_UNKNOWN,False,False,
C1E113,3194,TM_UNKNOWN,False,False,
C1E113,3206,TM_UNKNOWN,False,False,
C1E113,3217,TM_UNKNOWN,False,False,
C1E113,3241,TM_UNKNOWN,False,False,
C1E113,3249,in_scene_compression,False,False,
C1E113,3254,in_scene_compression,False,False,
C1E113,3505,TM_UNKNOWN,False,False,
C1E114,14,scene_transition,False,False,
C1E114,109,TM_UNKNOWN,False,True,2
C1E114,854,TM_UNKNOWN,False,False,
C1E114,1369,TM_UNKNOWN,False,False,
C1E114,2083,TM_UNKNOWN,False,False,
C1E114,3408,in_scene_compression,False,False,
C1E114,3484,TM_UNKNOWN,False,False,
C1E114,3629,travel_duration,False,False,
C1E114,3669,TM_UNKNOWN,False,False,
C2E001,13,TM_UNKNOWN,False,False,
C2E001,64,TM_UNKNOWN,False,False,
C2E001,108,scene_transition,False,False,
C2E001,161,scene_transition,False,False,
C2E001,742,TM_UNKNOWN,False,False,
C2E001,810,scene_transition,False,False,
C2E001,821,in_scene_compression,False,False,
C2E001,859,scene_transition,False,False,
C2E001,1110,TM_UNKNOWN,False,False,
C2E001,1116,TM_UNKNOWN,False,True,20
C2E001,1119,TM_UNKNOWN,False,True,17
C2E001,1127,TM_UNKNOWN,False,True,9
C2E001,1420,TM_UNKNOWN,False,False,
C2E001,1459,TM_UNKNOWN,False,False,
C2E001,1471,scene_transition,False,False,
C2E001,1489,TM_UNKNOWN,False,False,
C2E001,1523,TM_UNKNOWN,False,False,
C2E003,118,TM_UNKNOWN,False,False,
C2E003,333,TM_UNKNOWN,False,False,
C2E003,409,TM_UNKNOWN,False,False,
C2E003,448,TM_UNKNOWN,False,False,
C2E003,599,cumulative_anchor,False,False,
C2E003,718,scene_transition,False,False,
C2E003,753,TM_UNKNOWN,False,False,
C2E003,873,scene_transition,False,False,
C2E003,903,scene_transition,False,False,
C2E003,932,TM_UNKNOWN,False,False,
C2E003,939,scene_transition,False,False,
C2E003,950,TM_UNKNOWN,False,False,
C2E003,1026,TM_UNKNOWN,False,False,
C2E003,1161,TM_UNKNOWN,False,False,
C2E003,1295,TM_UNKNOWN,False,False,
C2E003,1314,TM_UNKNOWN,False,False,
C2E003,1382,cumulative_anchor,False,False,
C2E003,1475,TM_UNKNOWN,False,False,
C2E003,1561,TM_UNKNOWN,False,False,
C2E003,1621,TM_UNKNOWN,False,False,
C2E003,1641,TM_UNKNOWN,False,False,
C2E003,1826,TM_UNKNOWN,False,False,
C2E003,1906,cumulative_anchor,False,False,
C2E003,1944,TM_UNKNOWN,False,False,
C2E003,2327,TM_UNKNOWN,False,False,
C2E003,2590,scene_transition,False,False,
C2E003,2612,scene_transition,False,False,
C2E005,84,in_scene_compression,False,False,
C2E005,147,travel_duration,False,False,
C2E005,301,travel_duration,False,False,
C2E005,311,TM_UNKNOWN,False,False,
C2E005,394,scene_transition,False,False,
C2E005,394,in_scene_compression,False,False,
C2E005,405,in_scene_compression,False,False,
C2E005,426,scene_transition,False,False,
C2E005,445,TM_UNKNOWN,False,False,
C2E005,447,TM_UNKNOWN,False,False,
C2E005,506,TM_UNKNOWN,False,False,
C2E005,553,scene_transition,False,False,
C2E005,597,scene_transition,False,False,
C2E005,609,cumulative_anchor,False,False,
C2E005,626,cumulative_anchor,False,False,
C2E005,779,travel_duration,False,False,
C2E005,804,travel_duration,False,False,
C2E005,818,scene_transition,False,False,
C2E005,881,cumulative_anchor,False,False,
C2E005,956,TM_UNKNOWN,False,True,0
C2E005,993,travel_duration,False,True,20
C2E005,1099,TM_UNKNOWN,False,False,
C2E005,1605,TM_UNKNOWN,False,False,
C2E005,1813,TM_UNKNOWN,False,False,
C2E005,1938,scene_transition,False,False,
C2E005,1977,TM_UNKNOWN,False,False,
C2E005,2013,in_scene_compression,False,False,
C2E005,2037,TM_UNKNOWN,False,False,
C2E005,2046,TM_UNKNOWN,False,False,
C2E006,64,scene_transition,False,False,
C2E006,198,TM_UNKNOWN,False,False,
C2E006,204,TM_UNKNOWN,False,False,
C2E006,235,in_scene_compression,False,False,
C2E006,239,TM_UNKNOWN,False,False,
C2E006,278,TM_UNKNOWN,False,False,
C2E006,296,TM_UNKNOWN,False,False,
C2E006,362,TM_UNKNOWN,False,False,
C2E006,369,TM_UNKNOWN,False,False,
C2E006,464,cumulative_anchor,False,False,
C2E006,712,travel_duration,False,False,
C2E006,735,scene_transition,False,False,
C2E006,794,in_scene_compression,False,False,
C2E006,803,travel_duration,False,False,
C2E006,1175,TM_UNKNOWN,False,False,
C2E006,1323,TM_UNKNOWN,False,False,
C2E006,1341,TM_UNKNOWN,False,False,
C2E006,1582,TM_UNKNOWN,False,False,
C2E006,1737,cumulative_anchor,False,False,
C2E006,1913,TM_UNKNOWN,False,False,
C2E006,2326,TM_UNKNOWN,False,False,
C2E006,2340,TM_UNKNOWN,False,False,
C2E006,2404,in_scene_compression,False,False,
C2E006,2421,TM_UNKNOWN,False,False,
C2E006,2531,scene_transition,False,False,
C2E007,21,TM_UNKNOWN,False,False,
C2E007,106,scene_transition,False,False,
C2E007,115,scene_transition,False,True,19
C2E007,132,TM_UNKNOWN,False,True,2
C2E007,293,TM_UNKNOWN,False,False,
C2E007,485,TM_UNKNOWN,False,False,
C2E007,645,scene_transition,False,False,
C2E007,892,scene_transition,False,False,
C2E007,975,TM_UNKNOWN,False,False,
C2E007,977,scene_transition,False,False,
C2E007,995,scene_transition,False,False,
C2E007,997,scene_transition,False,False,
C2E007,999,scene_transition,False,False,
C2E007,1004,scene_transition,False,False,
C2E007,1007,scene_transition,False,False,
C2E007,1009,TM_UNKNOWN,False,False,
C2E007,1266,TM_UNKNOWN,False,False,
C2E007,1316,TM_UNKNOWN,False,False,
C2E007,1422,TM_UNKNOWN,False,False,
C2E007,1584,TM_UNKNOWN,False,False,
C2E007,1835,TM_UNKNOWN,False,False,
C2E007,1845,TM_UNKNOWN,False,False,
C2E007,1957,cumulative_anchor,False,False,
C2E007,2358,TM_UNKNOWN,False,False,
C2E007,2393,TM_UNKNOWN,False,False,
C2E007,2393,TM_UNKNOWN,False,False,
C2E007,2445,TM_UNKNOWN,False,False,
C2E007,2981,TM_UNKNOWN,False,False,
C2E007,3043,scene_transition,False,False,
C2E007,3047,TM_UNKNOWN,False,False,
C2E007,3059,cumulative_anchor,False,False,
C2E010,71,cumulative_anchor,False,False,
C2E010,140,travel_duration,False,False,
C2E010,214,TM_UNKNOWN,False,False,
C2E010,267,TM_UNKNOWN,False,False,
C2E010,270,cumulative_anchor,False,False,
C2E010,330,scene_transition,False,False,
C2E010,386,TM_UNKNOWN,False,False,
C2E010,396,TM_UNKNOWN,False,False,
C2E010,726,TM_UNKNOWN,False,False,
C2E010,726,TM_UNKNOWN,False,False,
C2E010,1157,TM_UNKNOWN,False,False,
C2E010,1397,TM_UNKNOWN,False,False,
C2E010,1522,TM_UNKNOWN,False,False,
C2E010,1568,TM_UNKNOWN,False,False,
C2E010,1775,cumulative_anchor,False,False,
C2E010,1960,travel_duration,False,False,
C2E010,2074,scene_transition,False,False,
C2E010,2107,TM_UNKNOWN,False,False,
C2E010,2114,cumulative_anchor,False,False,
C2E010,2183,TM_UNKNOWN,False,False,
C2E010,2322,TM_UNKNOWN,False,False,
C2E010,2342,TM_UNKNOWN,False,False,
C2E010,2429,TM_UNKNOWN,False,False,
C2E010,2545,TM_UNKNOWN,False,False,
C2E012,16,TM_UNKNOWN,False,False,
C2E012,59,cumulative_anchor,False,False,
C2E012,198,TM_UNKNOWN,False,False,
C2E012,429,cumulative_anchor,False,False,
C2E012,625,cumulative_anchor,False,False,
C2E012,638,TM_UNKNOWN,False,False,
C2E012,648,travel_duration,False,False,
C2E012,688,TM_UNKNOWN,False,False,
C2E012,733,in_scene_compression,False,False,
C2E012,763,in_scene_compression,False,False,
C2E012,774,TM_UNKNOWN,False,False,
C2E012,1255,scene_transition,False,False,
C2E012,1262,scene_transition,False,False,
C2E012,1276,scene_transition,False,False,
C2E012,1307,TM_UNKNOWN,False,False,
C2E012,1396,scene_transition,False,False,
C2E012,1558,TM_UNKNOWN,False,False,
C2E012,1911,TM_UNKNOWN,False,False,
C2E012,2148,TM_UNKNOWN,False,False,
C2E012,2266,scene_transition,False,False,
C2E012,2318,TM_UNKNOWN,False,False,
C2E012,2476,TM_UNKNOWN,False,False,
C2E012,2608,scene_transition,False,False,
C2E012,2610,in_scene_compression,False,False,
C2E012,2674,scene_transition,False,False,
C2E012,3052,TM_UNKNOWN,False,False,
C2E012,3101,scene_transition,False,False,
C2E015,54,TM_UNKNOWN,False,False,
C2E015,121,TM_UNKNOWN,False,False,
C2E015,140,TM_UNKNOWN,False,False,
C2E015,223,TM_UNKNOWN,False,True,9
C2E015,694,scene_transition,False,False,
C2E015,839,TM_UNKNOWN,False,False,
C2E015,1047,scene_transition,False,False,
C2E015,1473,TM_UNKNOWN,False,False,
C2E015,1720,scene_transition,False,False,
C2E015,1725,scene_transition,False,False,
C2E015,1735,scene_transition,False,False,
C2E015,1739,scene_transition,False,False,
C2E015,1743,in_scene_compression,False,False,
C2E015,1747,scene_transition,False,False,
C2E015,1876,TM_UNKNOWN,False,True,16
C2E015,1970,TM_UNKNOWN,False,False,
C2E015,2163,TM_UNKNOWN,False,False,
C2E015,2182,TM_UNKNOWN,False,False,
C2E015,2205,TM_UNKNOWN,False,False,
C2E015,2559,in_scene_compression,False,False,
C2E015,2669,TM_UNKNOWN,False,False,
C2E015,2783,TM_UNKNOWN,False,False,
C2E016,539,scene_transition,False,False,
C2E016,648,scene_transition,False,False,
C2E016,693,scene_transition,False,False,
C2E016,750,TM_UNKNOWN,False,False,
C2E016,800,TM_UNKNOWN,False,False,
C2E016,867,TM_UNKNOWN,False,False,
C2E016,1062,TM_UNKNOWN,False,False,
C2E016,1233,TM_UNKNOWN,False,False,
C2E016,1268,travel_duration,False,False,
C2E016,1357,TM_UNKNOWN,False,False,
C2E016,1429,TM_UNKNOWN,False,False,
C2E016,1475,scene_transition,False,False,
C2E016,1495,scene_transition,False,False,
C2E016,1644,in_scene_compression,False,False,
C2E016,1670,cumulative_anchor,False,False,
C2E016,1727,TM_UNKNOWN,False,False,
C2E016,1756,scene_transition,False,False,
C2E016,1880,TM_UNKNOWN,False,False,
C2E016,1896,cumulative_anchor,False,False,
C2E016,1946,cumulative_anchor,False,False,
C2E016,1948,cumulative_anchor,False,False,
C2E016,1958,scene_transition,False,False,
C2E016,2027,TM_UNKNOWN,False,False,
C2E016,2030,scene_transition,False,False,
C2E016,2076,scene_transition,False,False,
C2E016,2115,scene_transition,False,False,
C2E016,2163,scene_transition,False,False,
C2E016,2202,scene_transition,False,False,
C2E016,2204,in_scene_compression,False,False,
C2E016,2251,TM_UNKNOWN,False,False,
C2E016,2277,travel_duration,False,False,
C2E016,2433,TM_UNKNOWN,False,False,
C2E016,2550,in_scene_compression,False,False,
C2E016,2605,scene_transition,False,False,
C2E016,2615,scene_transition,False,False,
C2E016,2615,TM_UNKNOWN,False,False,
C2E016,2615,TM_UNKNOWN,False,False,
C2E017,89,TM_UNKNOWN,False,False,
C2E017,169,scene_transition,False,False,
C2E017,272,travel_duration,False,False,
C2E017,442,TM_UNKNOWN,False,False,
C2E017,450,cumulative_anchor,False,False,
C2E017,578,TM_UNKNOWN,False,False,
C2E017,614,TM_UNKNOWN,False,False,
C2E017,858,TM_UNKNOWN,False,False,
C2E017,1039,TM_UNKNOWN,False,False,
C2E017,1061,TM_UNKNOWN,False,False,
C2E017,1065,TM_UNKNOWN,False,False,
C2E017,1111,TM_UNKNOWN,False,False,
C2E017,1178,TM_UNKNOWN,False,False,
C2E017,1244,scene_transition,False,False,
C2E017,1272,TM_UNKNOWN,False,False,
C2E017,1311,TM_UNKNOWN,False,False,
C2E017,1311,TM_UNKNOWN,False,False,
C2E017,1313,TM_UNKNOWN,False,False,
C2E017,1367,TM_UNKNOWN,False,False,
C2E017,1410,TM_UNKNOWN,False,False,
C2E017,1634,TM_UNKNOWN,False,False,
C2E017,1875,TM_UNKNOWN,False,False,
C2E017,2092,TM_UNKNOWN,False,False,
C2E017,2179,TM_UNKNOWN,False,False,
C2E017,2241,TM_UNKNOWN,False,False,
C2E017,2245,TM_UNKNOWN,False,False,
C2E017,2421,scene_transition,False,False,
C2E017,2427,TM_UNKNOWN,False,False,
C2E017,2429,TM_UNKNOWN,False,False,
C2E017,2507,in_scene_compression,False,False,
C2E017,2557,TM_UNKNOWN,False,False,
C2E019,81,cumulative_anchor,False,False,
C2E019,93,TM_UNKNOWN,False,False,
C2E019,100,TM_UNKNOWN,False,False,
C2E019,335,TM_UNKNOWN,False,False,
C2E019,337,in_scene_compression,False,False,
C2E019,383,TM_UNKNOWN,False,False,
C2E019,569,TM_UNKNOWN,False,False,
C2E019,577,TM_UNKNOWN,False,False,
C2E019,668,scene_transition,False,False,
C2E019,842,travel_duration,False,False,
C2E019,844,TM_UNKNOWN,False,False,
C2E019,863,TM_UNKNOWN,False,False,
C2E019,958,scene_transition,False,False,
C2E019,1085,scene_transition,False,False,
C2E019,1245,scene_transition,False,False,
C2E019,1259,TM_UNKNOWN,False,False,
C2E019,1288,TM_UNKNOWN,False,False,
C2E019,1310,TM_UNKNOWN,False,False,
C2E019,1421,cumulative_anchor,False,False,
C2E019,1731,TM_UNKNOWN,False,False,
C2E019,1956,TM_UNKNOWN,False,False,
C2E019,2159,cumulative_anchor,False,False,
C2E019,2314,travel_duration,False,False,
C2E020,145,cumulative_anchor,False,False,
C2E020,224,cumulative_anchor,False,False,
C2E020,233,travel_duration,False,False,
C2E020,249,TM_UNKNOWN,False,False,
C2E020,311,in_scene_compression,False,False,
C2E020,340,travel_duration,False,False,
C2E020,413,TM_UNKNOWN,False,False,
C2E020,512,TM_UNKNOWN,False,False,
C2E020,538,cumulative_anchor,False,False,
C2E020,555,cumulative_anchor,False,False,
C2E020,566,scene_transition,False,False,
C2E020,577,scene_transition,False,False,
C2E020,610,TM_UNKNOWN,False,False,
C2E020,616,travel_duration,False,False,
C2E020,641,scene_transition,False,False,
C2E020,789,travel_duration,False,False,
C2E020,918,TM_UNKNOWN,False,False,
C2E020,1313,TM_UNKNOWN,False,False,
C2E020,1350,TM_UNKNOWN,False,False,
C2E020,1388,TM_UNKNOWN,False,False,
C2E020,1408,cumulative_anchor,False,False,
C2E020,1611,scene_transition,False,False,
C2E020,1635,TM_UNKNOWN,False,False,
C2E020,1729,TM_UNKNOWN,False,False,
C2E020,1783,TM_UNKNOWN,False,False,
C2E020,2160,TM_UNKNOWN,False,False,
C2E020,2190,TM_UNKNOWN,False,False,
C2E020,2194,TM_UNKNOWN,False,False,
C2E020,2225,TM_UNKNOWN,False,False,
C2E020,2331,TM_UNKNOWN,False,False,
C2E021,35,scene_transition,False,False,
C2E021,56,scene_transition,False,False,
C2E021,56,scene_transition,False,False,
C2E021,56,scene_transition,False,False,
C2E021,74,TM_UNKNOWN,False,False,
C2E021,382,cumulative_anchor,False,False,
C2E021,424,cumulative_anchor,False,False,
C2E021,521,in_scene_compression,False,False,
C2E021,521,in_scene_compression,False,False,
C2E021,539,TM_UNKNOWN,False,False,
C2E021,569,TM_UNKNOWN,False,False,
C2E021,860,in_scene_compression,False,False,
C2E021,905,TM_UNKNOWN,False,False,
C2E021,972,TM_UNKNOWN,False,False,
C2E021,1508,TM_UNKNOWN,False,False,
C2E021,1613,TM_UNKNOWN,False,False,
C2E021,1634,scene_transition,False,False,
C2E021,1785,TM_UNKNOWN,False,False,
C2E021,1876,TM_UNKNOWN,False,False,
C2E021,1898,scene_transition,False,False,
C2E021,1934,TM_UNKNOWN,False,False,
C2E021,2140,TM_UNKNOWN,False,False,
C2E021,2162,TM_UNKNOWN,False,False,
C2E021,2217,TM_UNKNOWN,False,False,
C2E021,2505,TM_UNKNOWN,False,False,
C2E021,2677,TM_UNKNOWN,False,False,
C2E021,3067,scene_transition,False,False,
C2E022,95,TM_UNKNOWN,False,False,
C2E022,124,TM_UNKNOWN,False,False,
C2E022,140,TM_UNKNOWN,False,False,
C2E022,197,scene_transition,False,False,
C2E022,269,in_scene_compression,False,False,
C2E022,282,scene_transition,False,False,
C2E022,383,TM_UNKNOWN,False,False,
C2E022,408,scene_transition,False,False,
C2E022,472,scene_transition,False,False,
C2E022,890,TM_UNKNOWN,False,False,
C2E022,925,TM_UNKNOWN,False,False,
C2E022,1195,TM_UNKNOWN,False,False,
C2E022,1337,TM_UNKNOWN,False,False,
C2E022,1693,TM_UNKNOWN,False,False,
C2E022,1834,scene_transition,False,False,
C2E022,1875,TM_UNKNOWN,False,False,
C2E022,2188,TM_UNKNOWN,False,False,
C2E022,2192,TM_UNKNOWN,False,False,
C2E022,2319,in_scene_compression,False,False,
C2E022,2356,in_scene_compression,False,False,
C2E022,2379,TM_UNKNOWN,False,False,
C2E023,48,scene_transition,False,False,
C2E023,170,TM_UNKNOWN,False,False,
C2E023,170,travel_duration,False,False,
C2E023,416,TM_UNKNOWN,False,False,
C2E023,546,in_scene_compression,False,False,
C2E023,863,TM_UNKNOWN,False,False,
C2E023,1017,TM_UNKNOWN,False,False,
C2E023,1053,scene_transition,False,False,
C2E023,1059,scene_transition,False,False,
C2E023,1113,TM_UNKNOWN,False,False,
C2E023,1169,TM_UNKNOWN,False,False,
C2E023,1328,travel_duration,False,False,
C2E023,1427,TM_UNKNOWN,False,False,
C2E023,1484,scene_transition,False,False,
C2E023,1674,TM_UNKNOWN,False,False,
C2E023,1708,TM_UNKNOWN,False,False,
C2E023,1852,travel_duration,False,False,
C2E023,1857,travel_duration,False,False,
C2E023,1939,scene_transition,False,False,
C2E023,1939,scene_transition,False,False,
C2E023,2197,cumulative_anchor,False,False,
C2E023,2199,TM_UNKNOWN,False,False,
C2E023,2246,scene_transition,False,False,
C2E023,2320,scene_transition,False,False,
C2E023,2587,TM_UNKNOWN,False,False,
C2E023,2609,cumulative_anchor,False,False,
C2E023,2647,TM_UNKNOWN,False,False,
C2E023,2649,TM_UNKNOWN,False,False,
C2E023,2716,TM_UNKNOWN,False,False,
C2E023,2731,TM_UNKNOWN,False,False,
C2E023,2751,TM_UNKNOWN,False,False,
C2E025,53,TM_UNKNOWN,False,False,
C2E025,53,TM_UNKNOWN,False,False,
C2E025,184,TM_UNKNOWN,False,False,
C2E025,246,cumulative_anchor,False,False,
C2E025,249,TM_UNKNOWN,False,False,
C2E025,307,scene_transition,False,False,
C2E025,319,TM_UNKNOWN,False,False,
C2E025,442,TM_UNKNOWN,False,False,
C2E025,480,in_scene_compression,False,False,
C2E025,508,TM_UNKNOWN,False,False,
C2E025,508,TM_UNKNOWN,False,False,
C2E025,640,in_scene_compression,False,False,
C2E025,660,TM_UNKNOWN,False,False,
C2E025,665,TM_UNKNOWN,False,False,
C2E025,716,scene_transition,False,False,
C2E025,771,TM_UNKNOWN,False,False,
C2E025,996,TM_UNKNOWN,False,False,
C2E025,1347,TM_UNKNOWN,False,False,
C2E025,1560,TM_UNKNOWN,False,False,
C2E025,1616,TM_UNKNOWN,False,False,
C2E025,1842,TM_UNKNOWN,False,False,
C2E025,1883,scene_transition,False,False,
C2E025,1900,in_scene_compression,False,False,
C2E025,1996,scene_transition,False,False,
C2E025,2003,scene_transition,False,False,
C2E025,2055,TM_UNKNOWN,False,False,
C2E025,2083,scene_transition,False,False,
C2E025,2083,scene_transition,False,False,
C2E025,2195,scene_transition,False,False,
C2E025,2243,cumulative_anchor,False,False,
C2E025,2247,TM_UNKNOWN,False,False,
C2E025,2277,cumulative_anchor,False,False,
C2E025,2373,cumulative_anchor,False,False,
C2E026,27,TM_UNKNOWN,False,False,
C2E026,186,travel_duration,False,False,
C2E026,520,travel_duration,False,False,
C2E026,666,TM_UNKNOWN,False,False,
C2E026,666,cumulative_anchor,False,False,
C2E026,670,TM_UNKNOWN,False,False,
C2E026,672,cumulative_anchor,False,False,
C2E026,750,TM_UNKNOWN,False,False,
C2E026,754,TM_UNKNOWN,False,False,
C2E026,959,TM_UNKNOWN,False,False,
C2E026,987,TM_UNKNOWN,False,False,
C2E026,1035,TM_UNKNOWN,False,False,
C2E026,1181,TM_UNKNOWN,False,False,
C2E026,1338,TM_UNKNOWN,False,False,
C2E026,1385,TM_UNKNOWN,False,False,
C2E026,1423,in_scene_compression,False,False,
C2E026,1433,in_scene_compression,False,False,
C2E026,1462,TM_UNKNOWN,False,False,
C2E026,1582,scene_transition,False,False,
C2E026,1585,scene_transition,False,False,
C2E026,1636,TM_UNKNOWN,False,False,
C2E026,1648,TM_UNKNOWN,False,False,
C2E026,1710,TM_UNKNOWN,False,False,
C2E026,1712,scene_transition,False,False,
C2E026,1725,scene_transition,False,False,
C2E026,1733,in_scene_compression,False,False,
C2E026,1834,travel_duration,False,False,
C2E026,1834,travel_duration,False,False,
C2E026,1836,scene_transition,False,False,
C2E026,1842,travel_duration,False,False,
C2E026,1851,travel_duration,False,False,
C2E026,2107,TM_UNKNOWN,False,False,
C2E026,2131,scene_transition,False,False,
C2E026,2234,TM_UNKNOWN,False,False,
C2E026,2266,TM_UNKNOWN,False,False,
C2E026,2277,cumulative_anchor,False,False,
C2E026,2488,scene_transition,False,False,
C2E026,2579,cumulative_anchor,False,False,
C2E026,2819,cumulative_anchor,False,False,
C2E026,2819,scene_transition,False,False,
C2E026,2978,TM_UNKNOWN,False,False,
C2E026,3088,TM_UNKNOWN,False,False,
C2E026,3169,TM_UNKNOWN,False,False,
C2E026,3312,cumulative_anchor,False,False,
C2E026,3365,TM_UNKNOWN,False,False,
C2E026,3484,cumulative_anchor,False,False,
C2E026,3486,TM_UNKNOWN,False,False,
C2E028,30,cumulative_anchor,False,False,
C2E028,38,cumulative_anchor,False,False,
C2E028,195,travel_duration,False,False,
C2E028,197,cumulative_anchor,False,False,
C2E028,250,cumulative_anchor,False,False,
C2E028,252,travel_duration,False,False,
C2E028,391,in_scene_compression,False,False,
C2E028,422,TM_UNKNOWN,False,False,
C2E028,428,TM_UNKNOWN,False,False,
C2E028,430,TM_UNKNOWN,False,False,
C2E028,762,travel_duration,False,False,
C2E028,840,scene_transition,False,False,
C2E028,889,scene_transition,False,False,
C2E028,1008,in_scene_compression,False,False,
C2E028,1090,scene_transition,False,False,
C2E028,1090,cumulative_anchor,False,False,
C2E028,1121,scene_transition,False,False,
C2E028,1281,scene_transition,False,False,
C2E028,1549,TM_UNKNOWN,False,False,
C2E028,1850,TM_UNKNOWN,False,False,
C2E028,2692,in_scene_compression,False,False,
C2E028,2796,in_scene_compression,False,False,
C2E029,52,TM_UNKNOWN,False,False,
C2E029,171,TM_UNKNOWN,False,False,
C2E029,393,scene_transition,True,True,12
C2E029,531,TM_UNKNOWN,False,False,
C2E029,535,TM_UNKNOWN,False,False,
C2E029,600,TM_UNKNOWN,False,False,
C2E029,844,scene_transition,False,False,
C2E029,880,TM_UNKNOWN,False,False,
C2E029,890,in_scene_compression,False,False,
C2E029,906,travel_duration,False,False,
C2E029,962,TM_UNKNOWN,False,False,
C2E029,1120,TM_UNKNOWN,False,False,
C2E029,1321,scene_transition,False,False,
C2E029,1400,TM_UNKNOWN,False,True,10
C2E029,1544,TM_UNKNOWN,False,False,
C2E029,1746,TM_UNKNOWN,False,False,
C2E029,1766,TM_UNKNOWN,False,False,
C2E029,2133,scene_transition,False,False,
C2E029,2177,TM_UNKNOWN,False,False,
C2E029,2250,scene_transition,False,False,
C2E032,63,travel_duration,False,False,
C2E032,105,scene_transition,False,False,
C2E032,117,travel_duration,False,False,
C2E032,203,scene_transition,False,False,
C2E032,208,scene_transition,False,False,
C2E032,219,TM_UNKNOWN,False,False,
C2E032,285,scene_transition,False,False,
C2E032,317,TM_UNKNOWN,False,False,
C2E032,356,TM_UNKNOWN,False,False,
C2E032,362,TM_UNKNOWN,False,False,
C2E032,375,cumulative_anchor,False,False,
C2E032,461,TM_UNKNOWN,False,False,
C2E032,512,scene_transition,False,False,
C2E032,516,cumulative_anchor,False,False,
C2E032,559,travel_duration,False,False,
C2E032,617,travel_duration,False,False,
C2E032,627,cumulative_anchor,False,False,
C2E032,771,TM_UNKNOWN,False,False,
C2E032,787,scene_transition,False,False,
C2E032,835,scene_transition,False,False,
C2E032,835,TM_UNKNOWN,False,False,
C2E032,845,TM_UNKNOWN,False,False,
C2E032,854,scene_transition,False,False,
C2E032,909,scene_transition,False,False,
C2E032,944,TM_UNKNOWN,False,False,
C2E032,944,TM_UNKNOWN,False,False,
C2E032,946,TM_UNKNOWN,False,False,
C2E032,969,TM_UNKNOWN,False,False,
C2E032,1112,cumulative_anchor,False,False,
C2E032,1163,TM_UNKNOWN,False,False,
C2E032,1265,scene_transition,False,False,
C2E032,1296,TM_UNKNOWN,False,False,
C2E032,1319,travel_duration,False,False,
C2E032,1323,TM_UNKNOWN,False,False,
C2E032,1484,TM_UNKNOWN,False,False,
C2E032,1506,travel_duration,False,False,
C2E032,1613,TM_UNKNOWN,False,False,
C2E032,1660,travel_duration,False,True,2
C2E032,1781,cumulative_anchor,False,False,
C2E032,1783,cumulative_anchor,False,False,
C2E032,1788,TM_UNKNOWN,False,False,
C2E032,1808,TM_UNKNOWN,False,False,
C2E032,2176,TM_UNKNOWN,False,False,
C2E032,2249,scene_transition,False,False,
C2E032,2296,TM_UNKNOWN,False,False,
C2E032,2332,TM_UNKNOWN,False,False,
C2E032,2348,TM_UNKNOWN,False,False,
C2E032,2570,scene_transition,False,False,
C2E034,118,TM_UNKNOWN,False,False,
C2E034,122,TM_UNKNOWN,False,False,
C2E034,133,TM_UNKNOWN,False,False,
C2E034,195,TM_UNKNOWN,False,False,
C2E034,288,TM_UNKNOWN,False,False,
C2E034,295,TM_UNKNOWN,False,False,
C2E034,305,TM_UNKNOWN,False,False,
C2E034,309,TM_UNKNOWN,False,False,
C2E034,328,TM_UNKNOWN,False,False,
C2E034,347,TM_UNKNOWN,False,False,
C2E034,745,TM_UNKNOWN,False,False,
C2E034,937,TM_UNKNOWN,False,False,
C2E034,964,TM_UNKNOWN,False,False,
C2E034,1221,TM_UNKNOWN,False,False,
C2E034,1638,TM_UNKNOWN,False,False,
C2E034,1642,TM_UNKNOWN,False,False,
C2E034,1828,TM_UNKNOWN,False,False,
C2E034,1964,TM_UNKNOWN,False,False,
C2E034,2107,TM_UNKNOWN,False,True,19
C2E034,2369,TM_UNKNOWN,False,False,
C2E034,2635,cumulative_anchor,False,False,
C2E034,2762,in_scene_compression,False,False,
C2E034,2778,scene_transition,False,False,
C2E034,2840,TM_UNKNOWN,False,False,
C2E034,2870,TM_UNKNOWN,False,False,
C2E034,2899,TM_UNKNOWN,False,False,
C2E034,2919,TM_UNKNOWN,False,False,
C2E034,2991,TM_UNKNOWN,False,False,
C2E034,3144,TM_UNKNOWN,False,False,
C2E034,3289,in_scene_compression,False,False,
C2E034,3363,TM_UNKNOWN,False,False,
C2E036,179,TM_UNKNOWN,False,False,
C2E036,240,TM_UNKNOWN,False,False,
C2E036,261,TM_UNKNOWN,False,False,
C2E036,265,TM_UNKNOWN,False,False,
C2E036,277,TM_UNKNOWN,False,False,
C2E036,350,TM_UNKNOWN,False,False,
C2E036,368,TM_UNKNOWN,False,False,
C2E036,419,TM_UNKNOWN,False,False,
C2E036,438,cumulative_anchor,False,False,
C2E036,513,TM_UNKNOWN,False,False,
C2E036,801,TM_UNKNOWN,False,False,
C2E036,988,scene_transition,False,False,
C2E036,1144,TM_UNKNOWN,False,False,
C2E036,1206,in_scene_compression,False,False,
C2E036,1207,TM_UNKNOWN,False,False,
C2E036,1209,TM_UNKNOWN,False,False,
C2E036,1211,TM_UNKNOWN,False,False,
C2E036,1217,TM_UNKNOWN,False,False,
C2E036,1388,scene_transition,False,False,
C2E036,1551,scene_transition,False,False,
C2E036,1556,TM_UNKNOWN,False,False,
C2E036,1560,TM_UNKNOWN,False,False,
C2E036,1599,scene_transition,False,False,
C2E036,1691,TM_UNKNOWN,False,False,
C2E036,1691,scene_transition,False,False,
C2E036,1693,travel_duration,False,False,
C2E036,1925,TM_UNKNOWN,False,False,
C2E036,2011,TM_UNKNOWN,False,False,
C2E036,2065,TM_UNKNOWN,False,False,
C2E036,2211,TM_UNKNOWN,False,False,
C2E036,2250,scene_transition,False,False,
C2E036,2260,TM_UNKNOWN,False,False,
C2E036,2423,TM_UNKNOWN,False,False,
C2E036,2509,TM_UNKNOWN,False,False,
C2E038,72,scene_transition,False,False,
C2E038,94,travel_duration,False,False,
C2E038,360,TM_UNKNOWN,False,False,
C2E038,410,TM_UNKNOWN,False,False,
C2E038,468,TM_UNKNOWN,False,False,
C2E038,483,scene_transition,False,False,
C2E038,483,scene_transition,False,False,
C2E038,493,TM_UNKNOWN,False,False,
C2E038,649,travel_duration,False,False,
C2E038,649,TM_UNKNOWN,False,False,
C2E038,710,scene_transition,False,False,
C2E038,717,scene_transition,False,False,
C2E038,717,TM_UNKNOWN,False,False,
C2E038,731,travel_duration,False,False,
C2E038,921,TM_UNKNOWN,False,False,
C2E038,1094,TM_UNKNOWN,False,False,
C2E038,1202,scene_transition,False,False,
C2E038,1335,in_scene_compression,False,False,
C2E038,1495,TM_UNKNOWN,False,False,
C2E038,1887,in_scene_compression,False,False,
C2E038,2028,TM_UNKNOWN,False,False,
C2E038,2165,TM_UNKNOWN,False,False,
C2E038,2369,TM_UNKNOWN,False,False,
C2E038,2372,cumulative_anchor,False,False,
C2E039,54,travel_duration,False,True,16
C2E039,70,TM_UNKNOWN,False,True,0
C2E039,453,scene_transition,False,False,
C2E039,504,scene_transition,False,False,
C2E039,559,TM_UNKNOWN,False,False,
C2E039,591,scene_transition,False,False,
C2E039,663,scene_transition,False,False,
C2E039,668,TM_UNKNOWN,False,False,
C2E039,690,scene_transition,False,False,
C2E039,696,TM_UNKNOWN,False,False,
C2E039,960,cumulative_anchor,False,False,
C2E039,1005,cumulative_anchor,False,False,
C2E039,1082,cumulative_anchor,False,False,
C2E039,1140,in_scene_compression,False,False,
C2E039,1482,TM_UNKNOWN,False,False,
C2E039,1516,TM_UNKNOWN,False,False,
C2E039,1645,scene_transition,False,False,
C2E039,1739,TM_UNKNOWN,False,False,
C2E039,2062,TM_UNKNOWN,False,True,0
C2E039,2175,TM_UNKNOWN,False,False,
C2E039,2188,TM_UNKNOWN,False,False,
C2E039,2413,TM_UNKNOWN,False,False,
C2E039,2465,TM_UNKNOWN,False,False,
C2E039,2481,TM_UNKNOWN,False,False,
C2E039,2497,in_scene_compression,False,False,
C2E039,2605,TM_UNKNOWN,False,False,
C2E039,2743,TM_UNKNOWN,False,False,
C2E039,2748,TM_UNKNOWN,False,False,
C2E039,2839,TM_UNKNOWN,False,False,
C2E039,2967,scene_transition,False,False,
C2E039,2990,TM_UNKNOWN,False,False,
C2E039,3143,TM_UNKNOWN,False,False,
C2E039,3272,scene_transition,False,False,
C2E040,2,scene_transition,False,False,
C2E040,185,TM_UNKNOWN,False,False,
C2E040,306,TM_UNKNOWN,False,False,
C2E040,306,scene_transition,False,False,
C2E040,319,TM_UNKNOWN,False,False,
C2E040,470,TM_UNKNOWN,True,True,2
C2E040,548,TM_UNKNOWN,False,False,
C2E040,661,TM_UNKNOWN,False,False,
C2E040,692,TM_UNKNOWN,False,False,
C2E040,698,TM_UNKNOWN,False,False,
C2E040,812,in_scene_compression,False,False,
C2E040,970,cumulative_anchor,False,False,
C2E040,1035,TM_UNKNOWN,False,False,
C2E040,1040,TM_UNKNOWN,False,False,
C2E040,1132,travel_duration,False,False,
C2E040,1150,TM_UNKNOWN,False,False,
C2E040,1273,travel_duration,False,False,
C2E040,1376,TM_UNKNOWN,False,False,
C2E040,1560,cumulative_anchor,False,False,
C2E040,1578,TM_UNKNOWN,False,False,
C2E040,1586,TM_UNKNOWN,False,False,
C2E040,1630,TM_UNKNOWN,False,False,
C2E040,1673,scene_transition,False,False,
C2E040,1680,scene_transition,False,False,
C2E041,59,scene_transition,False,False,
C2E041,61,TM_UNKNOWN,False,False,
C2E041,223,travel_duration,False,False,
C2E041,229,TM_UNKNOWN,False,False,
C2E041,238,travel_duration,False,False,
C2E041,262,scene_transition,False,False,
C2E041,287,travel_duration,False,False,
C2E041,295,TM_UNKNOWN,False,False,
C2E041,340,TM_UNKNOWN,False,False,
C2E041,373,travel_duration,False,False,
C2E041,613,scene_transition,False,False,
C2E041,793,in_scene_compression,False,True,25
C2E041,868,TM_UNKNOWN,False,False,
C2E041,1607,TM_UNKNOWN,False,False,
C2E041,1671,travel_duration,False,False,
C2E041,1777,scene_transition,False,False,
C2E041,1796,TM_UNKNOWN,False,False,
C2E041,1802,TM_UNKNOWN,False,False,
C2E041,1837,TM_UNKNOWN,False,False,
C2E041,1956,cumulative_anchor,False,False,
C2E042,13,TM_UNKNOWN,False,False,
C2E042,13,scene_transition,False,False,
C2E042,152,TM_UNKNOWN,False,False,
C2E042,183,TM_UNKNOWN,False,False,
C2E042,183,TM_UNKNOWN,False,False,
C2E042,413,TM_UNKNOWN,False,False,
C2E042,444,TM_UNKNOWN,False,False,
C2E042,521,TM_UNKNOWN,False,False,
C2E042,785,in_scene_compression,False,False,
C2E042,832,travel_duration,False,False,
C2E042,901,in_scene_compression,False,False,
C2E042,956,TM_UNKNOWN,False,False,
C2E042,962,cumulative_anchor,False,False,
C2E042,970,travel_duration,False,False,
C2E042,1663,TM_UNKNOWN,False,False,
C2E042,1677,TM_UNKNOWN,False,False,
C2E042,1696,in_scene_compression,False,False,
C2E042,1699,scene_transition,False,False,
C2E042,1736,in_scene_compression,False,False,
C2E042,1738,TM_UNKNOWN,False,False,
C2E042,1882,travel_duration,False,False,
C2E042,2460,scene_transition,False,False,
C2E042,2547,cumulative_anchor,False,False,
C2E042,2620,scene_transition,False,False,
C2E042,2621,scene_transition,False,False,
C2E043,231,TM_UNKNOWN,False,False,
C2E043,383,TM_UNKNOWN,False,False,
C2E043,395,TM_UNKNOWN,False,False,
C2E043,399,TM_UNKNOWN,False,False,
C2E043,403,TM_UNKNOWN,False,False,
C2E043,557,TM_UNKNOWN,False,False,
C2E043,722,TM_UNKNOWN,False,False,
C2E043,751,TM_UNKNOWN,False,False,
C2E043,842,TM_UNKNOWN,False,False,
C2E043,924,scene_transition,False,False,
C2E043,945,TM_UNKNOWN,False,False,
C2E043,981,scene_transition,False,False,
C2E043,994,scene_transition,False,False,
C2E043,1171,scene_transition,False,False,
C2E043,1179,TM_UNKNOWN,False,False,
C2E043,1226,scene_transition,False,False,
C2E043,1228,TM_UNKNOWN,False,False,
C2E043,1234,TM_UNKNOWN,False,False,
C2E043,1234,TM_UNKNOWN,False,False,
C2E043,1280,TM_UNKNOWN,False,False,
C2E043,1317,TM_UNKNOWN,False,False,
C2E043,1324,TM_UNKNOWN,False,False,
C2E043,1413,travel_duration,False,False,
C2E043,1466,scene_transition,False,False,
C2E043,1662,TM_UNKNOWN,False,False,
C2E043,1667,TM_UNKNOWN,False,False,
C2E043,1683,TM_UNKNOWN,False,False,
C2E043,1706,in_scene_compression,False,False,
C2E043,1710,TM_UNKNOWN,False,False,
C2E043,1759,travel_duration,False,False,
C2E043,1783,scene_transition,False,False,
C2E043,1818,scene_transition,False,False,
C2E043,1870,TM_UNKNOWN,False,False,
C2E043,1911,TM_UNKNOWN,False,False,
C2E043,1953,scene_transition,False,False,
C2E043,1979,TM_UNKNOWN,False,False,
C2E043,1988,TM_UNKNOWN,False,False,
C2E043,2024,cumulative_anchor,False,False,
C2E043,2112,TM_UNKNOWN,False,False,
C2E043,2145,TM_UNKNOWN,False,False,
C2E043,2165,TM_UNKNOWN,False,False,
C2E044,192,cumulative_anchor,False,False,
C2E044,215,scene_transition,False,False,
C2E044,379,TM_UNKNOWN,False,False,
C2E044,577,TM_UNKNOWN,False,False,
C2E044,841,TM_UNKNOWN,False,False,
C2E044,853,TM_UNKNOWN,False,False,
C2E044,1155,cumulative_anchor,False,False,
C2E044,1218,TM_UNKNOWN,False,False,
C2E044,1271,in_scene_compression,False,False,
C2E044,1339,TM_UNKNOWN,False,False,
C2E044,1499,TM_UNKNOWN,False,False,
C2E044,1617,TM_UNKNOWN,False,False,
C2E044,1809,TM_UNKNOWN,False,False,
C2E044,1889,TM_UNKNOWN,False,False,
C2E044,2048,scene_transition,False,False,
C2E044,2191,TM_UNKNOWN,False,False,
C2E044,2423,TM_UNKNOWN,False,False,
C2E044,2832,travel_duration,False,False,
C2E044,2879,travel_duration,False,False,
C2E045,73,TM_UNKNOWN,False,False,
C2E045,86,scene_transition,False,False,
C2E045,831,TM_UNKNOWN,False,False,
C2E045,833,cumulative_anchor,False,False,
C2E045,940,TM_UNKNOWN,False,False,
C2E045,1158,TM_UNKNOWN,False,False,
C2E045,1163,TM_UNKNOWN,False,False,
C2E045,1165,cumulative_anchor,False,False,
C2E045,1629,in_scene_compression,False,False,
C2E045,2090,in_scene_compression,False,False,
C2E045,2247,TM_UNKNOWN,False,False,
C2E045,2485,TM_UNKNOWN,False,False,
C2E045,2498,TM_UNKNOWN,False,False,
C2E045,2500,TM_UNKNOWN,False,False,
C2E045,2863,TM_UNKNOWN,False,False,
C2E045,2978,TM_UNKNOWN,False,False,
C2E045,3013,TM_UNKNOWN,False,False,
C2E045,3103,TM_UNKNOWN,False,False,
C2E045,3417,TM_UNKNOWN,False,False,
C2E045,3575,TM_UNKNOWN,False,False,
C2E045,3580,TM_UNKNOWN,False,False,
C2E046,33,TM_UNKNOWN,False,False,
C2E046,60,in_scene_compression,False,False,
C2E046,60,scene_transition,False,False,
C2E046,207,scene_transition,False,False,
C2E046,215,TM_UNKNOWN,False,False,
C2E046,592,TM_UNKNOWN,False,False,
C2E046,626,scene_transition,False,False,
C2E046,692,TM_UNKNOWN,False,False,
C2E046,696,TM_UNKNOWN,False,False,
C2E046,710,TM_UNKNOWN,False,False,
C2E046,788,scene_transition,False,False,
C2E046,834,TM_UNKNOWN,False,False,
C2E046,909,in_scene_compression,False,True,8
C2E046,1110,TM_UNKNOWN,False,False,
C2E046,1370,scene_transition,False,False,
C2E046,1488,in_scene_compression,False,False,
C2E046,1587,cumulative_anchor,False,False,
C2E046,1596,TM_UNKNOWN,False,False,
C2E046,1692,TM_UNKNOWN,False,False,
C2E046,2016,TM_UNKNOWN,False,False,
C2E046,2193,TM_UNKNOWN,False,False,
C2E046,2224,TM_UNKNOWN,False,False,
C2E046,2338,scene_transition,False,False,
C2E046,2352,TM_UNKNOWN,False,False,
